id,run_at,station,target_date,ticker,side,reason,detail
1,2026-06-15T00:04:21Z,KATL,2026-06-15,,,openmeteo_fetch,400 Client Error: Bad Request for url: https://api.open-meteo.com/v1/forecast?latitude=33.6367&longitude=-84.4281&daily=temperature_2m_max&temperature_unit=fahrenheit&timezone=America%2FNew_York&start_date=2026-06-15&end_date=2026-06-15&forecast_days=7
2,2026-06-15T00:04:21Z,KAUS,2026-06-15,,,openmeteo_fetch,400 Client Error: Bad Request for url: https://api.open-meteo.com/v1/forecast?latitude=30.1945&longitude=-97.6699&daily=temperature_2m_max&temperature_unit=fahrenheit&timezone=America%2FChicago&start_date=2026-06-15&end_date=2026-06-15&forecast_days=7
3,2026-06-15T00:04:21Z,KBOS,2026-06-15,,,openmeteo_fetch,400 Client Error: Bad Request for url: https://api.open-meteo.com/v1/forecast?latitude=42.3656&longitude=-71.0096&daily=temperature_2m_max&temperature_unit=fahrenheit&timezone=America%2FNew_York&start_date=2026-06-15&end_date=2026-06-15&forecast_days=7
4,2026-06-15T00:04:21Z,KMDW,2026-06-15,,,openmeteo_fetch,400 Client Error: Bad Request for url: https://api.open-meteo.com/v1/forecast?latitude=41.786&longitude=-87.7522&daily=temperature_2m_max&temperature_unit=fahrenheit&timezone=America%2FChicago&start_date=2026-06-15&end_date=2026-06-15&forecast_days=7
5,2026-06-15T00:04:21Z,KDFW,2026-06-15,,,openmeteo_fetch,400 Client Error: Bad Request for url: https://api.open-meteo.com/v1/forecast?latitude=32.8998&longitude=-97.0403&daily=temperature_2m_max&temperature_unit=fahrenheit&timezone=America%2FChicago&start_date=2026-06-15&end_date=2026-06-15&forecast_days=7
6,2026-06-15T00:04:21Z,KDEN,2026-06-15,,,openmeteo_fetch,400 Client Error: Bad Request for url: https://api.open-meteo.com/v1/forecast?latitude=39.8561&longitude=-104.6737&daily=temperature_2m_max&temperature_unit=fahrenheit&timezone=America%2FDenver&start_date=2026-06-15&end_date=2026-06-15&forecast_days=7
7,2026-06-15T00:04:21Z,KIAH,2026-06-15,,,openmeteo_fetch,400 Client Error: Bad Request for url: https://api.open-meteo.com/v1/forecast?latitude=29.9902&longitude=-95.3368&daily=temperature_2m_max&temperature_unit=fahrenheit&timezone=America%2FChicago&start_date=2026-06-15&end_date=2026-06-15&forecast_days=7
8,2026-06-15T00:04:21Z,KLAS,2026-06-15,,,openmeteo_fetch,400 Client Error: Bad Request for url: https://api.open-meteo.com/v1/forecast?latitude=36.084&longitude=-115.1537&daily=temperature_2m_max&temperature_unit=fahrenheit&timezone=America%2FLos_Angeles&start_date=2026-06-15&end_date=2026-06-15&forecast_days=7
9,2026-06-15T00:04:21Z,KLAX,2026-06-15,,,openmeteo_fetch,400 Client Error: Bad Request for url: https://api.open-meteo.com/v1/forecast?latitude=33.9425&longitude=-118.4081&daily=temperature_2m_max&temperature_unit=fahrenheit&timezone=America%2FLos_Angeles&start_date=2026-06-15&end_date=2026-06-15&forecast_days=7
10,2026-06-15T00:04:21Z,KMIA,2026-06-15,,,openmeteo_fetch,400 Client Error: Bad Request for url: https://api.open-meteo.com/v1/forecast?latitude=25.7959&longitude=-80.3187&daily=temperature_2m_max&temperature_unit=fahrenheit&timezone=America%2FNew_York&start_date=2026-06-15&end_date=2026-06-15&forecast_days=7
11,2026-06-15T00:04:21Z,KMSY,2026-06-15,,,openmeteo_fetch,"HTTPSConnectionPool(host='api.open-meteo.com', port=443): Read timed out. (read timeout=15)"
12,2026-06-15T00:04:21Z,KNYC,2026-06-15,,,openmeteo_fetch,"HTTPSConnectionPool(host='api.open-meteo.com', port=443): Read timed out. (read timeout=15)"
13,2026-06-15T00:04:21Z,KOKC,2026-06-15,,,openmeteo_fetch,"HTTPSConnectionPool(host='api.open-meteo.com', port=443): Read timed out. (read timeout=15)"
14,2026-06-15T00:04:21Z,KPHL,2026-06-15,,,openmeteo_fetch,"HTTPSConnectionPool(host='api.open-meteo.com', port=443): Read timed out. (read timeout=15)"
15,2026-06-15T00:04:21Z,KPHX,2026-06-15,,,openmeteo_fetch,"HTTPSConnectionPool(host='api.open-meteo.com', port=443): Read timed out. (read timeout=15)"
16,2026-06-15T00:04:21Z,KSAT,2026-06-15,,,openmeteo_fetch,"HTTPSConnectionPool(host='api.open-meteo.com', port=443): Read timed out. (read timeout=15)"
17,2026-06-15T00:04:21Z,KSFO,2026-06-15,,,openmeteo_fetch,"HTTPSConnectionPool(host='api.open-meteo.com', port=443): Read timed out. (read timeout=15)"
18,2026-06-15T00:04:21Z,KSEA,2026-06-15,,,openmeteo_fetch,"HTTPSConnectionPool(host='api.open-meteo.com', port=443): Read timed out. (read timeout=15)"
19,2026-06-15T00:04:21Z,KDCA,2026-06-15,,,openmeteo_fetch,400 Client Error: Bad Request for url: https://api.open-meteo.com/v1/forecast?latitude=38.8512&longitude=-77.0402&daily=temperature_2m_max&temperature_unit=fahrenheit&timezone=America%2FNew_York&start_date=2026-06-15&end_date=2026-06-15&forecast_days=7
1,2026-06-15T01:28:14Z,KATL,2026-06-15,,,openmeteo_fetch,400 Client Error: Bad Request for url: https://api.open-meteo.com/v1/forecast?latitude=33.6367&longitude=-84.4281&daily=temperature_2m_max&temperature_unit=fahrenheit&timezone=America%2FNew_York&start_date=2026-06-15&end_date=2026-06-15&forecast_days=7
2,2026-06-15T01:28:14Z,KAUS,2026-06-15,,,openmeteo_fetch,400 Client Error: Bad Request for url: https://api.open-meteo.com/v1/forecast?latitude=30.1945&longitude=-97.6699&daily=temperature_2m_max&temperature_unit=fahrenheit&timezone=America%2FChicago&start_date=2026-06-15&end_date=2026-06-15&forecast_days=7
3,2026-06-15T01:28:14Z,KBOS,2026-06-15,,,openmeteo_fetch,400 Client Error: Bad Request for url: https://api.open-meteo.com/v1/forecast?latitude=42.3656&longitude=-71.0096&daily=temperature_2m_max&temperature_unit=fahrenheit&timezone=America%2FNew_York&start_date=2026-06-15&end_date=2026-06-15&forecast_days=7
4,2026-06-15T01:28:14Z,KMDW,2026-06-15,,,openmeteo_fetch,400 Client Error: Bad Request for url: https://api.open-meteo.com/v1/forecast?latitude=41.786&longitude=-87.7522&daily=temperature_2m_max&temperature_unit=fahrenheit&timezone=America%2FChicago&start_date=2026-06-15&end_date=2026-06-15&forecast_days=7
5,2026-06-15T01:28:14Z,KDEN,2026-06-15,,,openmeteo_fetch,400 Client Error: Bad Request for url: https://api.open-meteo.com/v1/forecast?latitude=39.8561&longitude=-104.6737&daily=temperature_2m_max&temperature_unit=fahrenheit&timezone=America%2FDenver&start_date=2026-06-15&end_date=2026-06-15&forecast_days=7
6,2026-06-15T01:28:14Z,KLAS,2026-06-15,,,openmeteo_fetch,400 Client Error: Bad Request for url: https://api.open-meteo.com/v1/forecast?latitude=36.084&longitude=-115.1537&daily=temperature_2m_max&temperature_unit=fahrenheit&timezone=America%2FLos_Angeles&start_date=2026-06-15&end_date=2026-06-15&forecast_days=7
7,2026-06-15T01:28:14Z,KMIA,2026-06-15,,,openmeteo_fetch,400 Client Error: Bad Request for url: https://api.open-meteo.com/v1/forecast?latitude=25.7959&longitude=-80.3187&daily=temperature_2m_max&temperature_unit=fahrenheit&timezone=America%2FNew_York&start_date=2026-06-15&end_date=2026-06-15&forecast_days=7
8,2026-06-15T01:28:14Z,KMSY,2026-06-15,,,openmeteo_fetch,400 Client Error: Bad Request for url: https://api.open-meteo.com/v1/forecast?latitude=29.9934&longitude=-90.258&daily=temperature_2m_max&temperature_unit=fahrenheit&timezone=America%2FChicago&start_date=2026-06-15&end_date=2026-06-15&forecast_days=7
9,2026-06-15T01:28:14Z,KOKC,2026-06-15,,,openmeteo_fetch,400 Client Error: Bad Request for url: https://api.open-meteo.com/v1/forecast?latitude=35.3931&longitude=-97.6008&daily=temperature_2m_max&temperature_unit=fahrenheit&timezone=America%2FChicago&start_date=2026-06-15&end_date=2026-06-15&forecast_days=7
10,2026-06-15T01:28:14Z,KPHX,2026-06-15,,,openmeteo_fetch,400 Client Error: Bad Request for url: https://api.open-meteo.com/v1/forecast?latitude=33.4373&longitude=-112.0078&daily=temperature_2m_max&temperature_unit=fahrenheit&timezone=America%2FPhoenix&start_date=2026-06-15&end_date=2026-06-15&forecast_days=7
11,2026-06-15T01:28:14Z,KSFO,2026-06-15,,,openmeteo_fetch,400 Client Error: Bad Request for url: https://api.open-meteo.com/v1/forecast?latitude=37.6213&longitude=-122.379&daily=temperature_2m_max&temperature_unit=fahrenheit&timezone=America%2FLos_Angeles&start_date=2026-06-15&end_date=2026-06-15&forecast_days=7
12,2026-06-15T01:28:14Z,KDCA,2026-06-15,,,openmeteo_fetch,400 Client Error: Bad Request for url: https://api.open-meteo.com/v1/forecast?latitude=38.8512&longitude=-77.0402&daily=temperature_2m_max&temperature_unit=fahrenheit&timezone=America%2FNew_York&start_date=2026-06-15&end_date=2026-06-15&forecast_days=7
1,2026-06-15T02:29:10Z,KATL,2026-06-15,,,openmeteo_fetch,400 Client Error: Bad Request for url: https://api.open-meteo.com/v1/forecast?latitude=33.6367&longitude=-84.4281&daily=temperature_2m_max&temperature_unit=fahrenheit&timezone=America%2FNew_York&start_date=2026-06-15&end_date=2026-06-15&forecast_days=7
2,2026-06-15T02:29:10Z,KAUS,2026-06-15,,,openmeteo_fetch,400 Client Error: Bad Request for url: https://api.open-meteo.com/v1/forecast?latitude=30.1945&longitude=-97.6699&daily=temperature_2m_max&temperature_unit=fahrenheit&timezone=America%2FChicago&start_date=2026-06-15&end_date=2026-06-15&forecast_days=7
3,2026-06-15T02:29:10Z,KBOS,2026-06-15,,,openmeteo_fetch,400 Client Error: Bad Request for url: https://api.open-meteo.com/v1/forecast?latitude=42.3656&longitude=-71.0096&daily=temperature_2m_max&temperature_unit=fahrenheit&timezone=America%2FNew_York&start_date=2026-06-15&end_date=2026-06-15&forecast_days=7
4,2026-06-15T02:29:10Z,KMDW,2026-06-15,,,openmeteo_fetch,400 Client Error: Bad Request for url: https://api.open-meteo.com/v1/forecast?latitude=41.786&longitude=-87.7522&daily=temperature_2m_max&temperature_unit=fahrenheit&timezone=America%2FChicago&start_date=2026-06-15&end_date=2026-06-15&forecast_days=7
5,2026-06-15T02:29:10Z,KDFW,2026-06-15,,,openmeteo_fetch,400 Client Error: Bad Request for url: https://api.open-meteo.com/v1/forecast?latitude=32.8998&longitude=-97.0403&daily=temperature_2m_max&temperature_unit=fahrenheit&timezone=America%2FChicago&start_date=2026-06-15&end_date=2026-06-15&forecast_days=7
6,2026-06-15T02:29:10Z,KDEN,2026-06-15,,,openmeteo_fetch,400 Client Error: Bad Request for url: https://api.open-meteo.com/v1/forecast?latitude=39.8561&longitude=-104.6737&daily=temperature_2m_max&temperature_unit=fahrenheit&timezone=America%2FDenver&start_date=2026-06-15&end_date=2026-06-15&forecast_days=7
7,2026-06-15T02:29:10Z,KIAH,2026-06-15,,,openmeteo_fetch,400 Client Error: Bad Request for url: https://api.open-meteo.com/v1/forecast?latitude=29.9902&longitude=-95.3368&daily=temperature_2m_max&temperature_unit=fahrenheit&timezone=America%2FChicago&start_date=2026-06-15&end_date=2026-06-15&forecast_days=7
8,2026-06-15T02:29:10Z,KLAS,2026-06-15,,,openmeteo_fetch,400 Client Error: Bad Request for url: https://api.open-meteo.com/v1/forecast?latitude=36.084&longitude=-115.1537&daily=temperature_2m_max&temperature_unit=fahrenheit&timezone=America%2FLos_Angeles&start_date=2026-06-15&end_date=2026-06-15&forecast_days=7
9,2026-06-15T02:29:10Z,KLAX,2026-06-15,,,openmeteo_fetch,400 Client Error: Bad Request for url: https://api.open-meteo.com/v1/forecast?latitude=33.9425&longitude=-118.4081&daily=temperature_2m_max&temperature_unit=fahrenheit&timezone=America%2FLos_Angeles&start_date=2026-06-15&end_date=2026-06-15&forecast_days=7
10,2026-06-15T02:29:10Z,KMIA,2026-06-15,,,openmeteo_fetch,400 Client Error: Bad Request for url: https://api.open-meteo.com/v1/forecast?latitude=25.7959&longitude=-80.3187&daily=temperature_2m_max&temperature_unit=fahrenheit&timezone=America%2FNew_York&start_date=2026-06-15&end_date=2026-06-15&forecast_days=7
11,2026-06-15T02:29:10Z,KMSP,2026-06-15,,,openmeteo_fetch,400 Client Error: Bad Request for url: https://api.open-meteo.com/v1/forecast?latitude=44.8848&longitude=-93.2223&daily=temperature_2m_max&temperature_unit=fahrenheit&timezone=America%2FChicago&start_date=2026-06-15&end_date=2026-06-15&forecast_days=7
12,2026-06-15T02:29:10Z,KMSY,2026-06-15,,,openmeteo_fetch,"HTTPSConnectionPool(host='api.open-meteo.com', port=443): Read timed out. (read timeout=15)"
13,2026-06-15T02:29:10Z,KNYC,2026-06-15,,,openmeteo_fetch,"HTTPSConnectionPool(host='api.open-meteo.com', port=443): Read timed out. (read timeout=15)"
14,2026-06-15T02:29:10Z,KOKC,2026-06-15,,,openmeteo_fetch,"HTTPSConnectionPool(host='api.open-meteo.com', port=443): Read timed out. (read timeout=15)"
15,2026-06-15T02:29:10Z,KPHL,2026-06-15,,,openmeteo_fetch,"HTTPSConnectionPool(host='api.open-meteo.com', port=443): Read timed out. (read timeout=15)"
16,2026-06-15T02:29:10Z,KPHX,2026-06-15,,,openmeteo_fetch,"HTTPSConnectionPool(host='api.open-meteo.com', port=443): Read timed out. (read timeout=15)"
17,2026-06-15T02:29:10Z,KSAT,2026-06-15,,,openmeteo_fetch,"HTTPSConnectionPool(host='api.open-meteo.com', port=443): Read timed out. (read timeout=15)"
18,2026-06-15T02:29:10Z,KSFO,2026-06-15,,,openmeteo_fetch,"HTTPSConnectionPool(host='api.open-meteo.com', port=443): Read timed out. (read timeout=15)"
19,2026-06-15T02:29:10Z,KSEA,2026-06-15,,,openmeteo_fetch,"HTTPSConnectionPool(host='api.open-meteo.com', port=443): Read timed out. (read timeout=15)"
20,2026-06-15T02:29:10Z,KDCA,2026-06-15,,,openmeteo_fetch,400 Client Error: Bad Request for url: https://api.open-meteo.com/v1/forecast?latitude=38.8512&longitude=-77.0402&daily=temperature_2m_max&temperature_unit=fahrenheit&timezone=America%2FNew_York&start_date=2026-06-15&end_date=2026-06-15&forecast_days=7
1,2026-06-15T03:57:34Z,KATL,2026-06-15,,,openmeteo_fetch,400 Client Error: Bad Request for url: https://api.open-meteo.com/v1/forecast?latitude=33.6367&longitude=-84.4281&daily=temperature_2m_max&temperature_unit=fahrenheit&timezone=America%2FNew_York&start_date=2026-06-15&end_date=2026-06-15&forecast_days=7
2,2026-06-15T03:57:34Z,KAUS,2026-06-15,,,openmeteo_fetch,400 Client Error: Bad Request for url: https://api.open-meteo.com/v1/forecast?latitude=30.1945&longitude=-97.6699&daily=temperature_2m_max&temperature_unit=fahrenheit&timezone=America%2FChicago&start_date=2026-06-15&end_date=2026-06-15&forecast_days=7
3,2026-06-15T03:57:34Z,KBOS,2026-06-15,,,openmeteo_fetch,400 Client Error: Bad Request for url: https://api.open-meteo.com/v1/forecast?latitude=42.3656&longitude=-71.0096&daily=temperature_2m_max&temperature_unit=fahrenheit&timezone=America%2FNew_York&start_date=2026-06-15&end_date=2026-06-15&forecast_days=7
4,2026-06-15T03:57:34Z,KMDW,2026-06-15,,,openmeteo_fetch,400 Client Error: Bad Request for url: https://api.open-meteo.com/v1/forecast?latitude=41.786&longitude=-87.7522&daily=temperature_2m_max&temperature_unit=fahrenheit&timezone=America%2FChicago&start_date=2026-06-15&end_date=2026-06-15&forecast_days=7
5,2026-06-15T03:57:34Z,KDEN,2026-06-15,,,openmeteo_fetch,400 Client Error: Bad Request for url: https://api.open-meteo.com/v1/forecast?latitude=39.8561&longitude=-104.6737&daily=temperature_2m_max&temperature_unit=fahrenheit&timezone=America%2FDenver&start_date=2026-06-15&end_date=2026-06-15&forecast_days=7
6,2026-06-15T03:57:34Z,KLAS,2026-06-15,,,openmeteo_fetch,400 Client Error: Bad Request for url: https://api.open-meteo.com/v1/forecast?latitude=36.084&longitude=-115.1537&daily=temperature_2m_max&temperature_unit=fahrenheit&timezone=America%2FLos_Angeles&start_date=2026-06-15&end_date=2026-06-15&forecast_days=7
7,2026-06-15T03:57:34Z,KMIA,2026-06-15,,,openmeteo_fetch,400 Client Error: Bad Request for url: https://api.open-meteo.com/v1/forecast?latitude=25.7959&longitude=-80.3187&daily=temperature_2m_max&temperature_unit=fahrenheit&timezone=America%2FNew_York&start_date=2026-06-15&end_date=2026-06-15&forecast_days=7
8,2026-06-15T03:57:34Z,KMSP,2026-06-15,,,openmeteo_fetch,400 Client Error: Bad Request for url: https://api.open-meteo.com/v1/forecast?latitude=44.8848&longitude=-93.2223&daily=temperature_2m_max&temperature_unit=fahrenheit&timezone=America%2FChicago&start_date=2026-06-15&end_date=2026-06-15&forecast_days=7
9,2026-06-15T03:57:34Z,KOKC,2026-06-15,,,openmeteo_fetch,400 Client Error: Bad Request for url: https://api.open-meteo.com/v1/forecast?latitude=35.3931&longitude=-97.6008&daily=temperature_2m_max&temperature_unit=fahrenheit&timezone=America%2FChicago&start_date=2026-06-15&end_date=2026-06-15&forecast_days=7
10,2026-06-15T03:57:34Z,KPHX,2026-06-15,,,openmeteo_fetch,400 Client Error: Bad Request for url: https://api.open-meteo.com/v1/forecast?latitude=33.4373&longitude=-112.0078&daily=temperature_2m_max&temperature_unit=fahrenheit&timezone=America%2FPhoenix&start_date=2026-06-15&end_date=2026-06-15&forecast_days=7
11,2026-06-15T03:57:34Z,KSFO,2026-06-15,,,openmeteo_fetch,400 Client Error: Bad Request for url: https://api.open-meteo.com/v1/forecast?latitude=37.6213&longitude=-122.379&daily=temperature_2m_max&temperature_unit=fahrenheit&timezone=America%2FLos_Angeles&start_date=2026-06-15&end_date=2026-06-15&forecast_days=7
12,2026-06-15T03:57:34Z,KDCA,2026-06-15,,,openmeteo_fetch,400 Client Error: Bad Request for url: https://api.open-meteo.com/v1/forecast?latitude=38.8512&longitude=-77.0402&daily=temperature_2m_max&temperature_unit=fahrenheit&timezone=America%2FNew_York&start_date=2026-06-15&end_date=2026-06-15&forecast_days=7
1,2026-06-15T06:01:40Z,KATL,2026-06-15,,,openmeteo_fetch,400 Client Error: Bad Request for url: https://api.open-meteo.com/v1/forecast?latitude=33.6367&longitude=-84.4281&daily=temperature_2m_max&temperature_unit=fahrenheit&timezone=America%2FNew_York&start_date=2026-06-15&end_date=2026-06-15&forecast_days=7
2,2026-06-15T06:01:40Z,KAUS,2026-06-15,,,openmeteo_fetch,400 Client Error: Bad Request for url: https://api.open-meteo.com/v1/forecast?latitude=30.1945&longitude=-97.6699&daily=temperature_2m_max&temperature_unit=fahrenheit&timezone=America%2FChicago&start_date=2026-06-15&end_date=2026-06-15&forecast_days=7
3,2026-06-15T06:01:40Z,KBOS,2026-06-15,,,openmeteo_fetch,400 Client Error: Bad Request for url: https://api.open-meteo.com/v1/forecast?latitude=42.3656&longitude=-71.0096&daily=temperature_2m_max&temperature_unit=fahrenheit&timezone=America%2FNew_York&start_date=2026-06-15&end_date=2026-06-15&forecast_days=7
4,2026-06-15T06:01:40Z,KMDW,2026-06-15,,,openmeteo_fetch,400 Client Error: Bad Request for url: https://api.open-meteo.com/v1/forecast?latitude=41.786&longitude=-87.7522&daily=temperature_2m_max&temperature_unit=fahrenheit&timezone=America%2FChicago&start_date=2026-06-15&end_date=2026-06-15&forecast_days=7
5,2026-06-15T06:01:40Z,KDFW,2026-06-15,,,openmeteo_fetch,400 Client Error: Bad Request for url: https://api.open-meteo.com/v1/forecast?latitude=32.8998&longitude=-97.0403&daily=temperature_2m_max&temperature_unit=fahrenheit&timezone=America%2FChicago&start_date=2026-06-15&end_date=2026-06-15&forecast_days=7
6,2026-06-15T06:01:40Z,KDEN,2026-06-15,,,openmeteo_fetch,400 Client Error: Bad Request for url: https://api.open-meteo.com/v1/forecast?latitude=39.8561&longitude=-104.6737&daily=temperature_2m_max&temperature_unit=fahrenheit&timezone=America%2FDenver&start_date=2026-06-15&end_date=2026-06-15&forecast_days=7
7,2026-06-15T06:01:40Z,KIAH,2026-06-15,,,openmeteo_fetch,400 Client Error: Bad Request for url: https://api.open-meteo.com/v1/forecast?latitude=29.9902&longitude=-95.3368&daily=temperature_2m_max&temperature_unit=fahrenheit&timezone=America%2FChicago&start_date=2026-06-15&end_date=2026-06-15&forecast_days=7
8,2026-06-15T06:01:40Z,KLAS,2026-06-15,,,openmeteo_fetch,400 Client Error: Bad Request for url: https://api.open-meteo.com/v1/forecast?latitude=36.084&longitude=-115.1537&daily=temperature_2m_max&temperature_unit=fahrenheit&timezone=America%2FLos_Angeles&start_date=2026-06-15&end_date=2026-06-15&forecast_days=7
9,2026-06-15T06:01:40Z,KMIA,2026-06-15,,,openmeteo_fetch,400 Client Error: Bad Request for url: https://api.open-meteo.com/v1/forecast?latitude=25.7959&longitude=-80.3187&daily=temperature_2m_max&temperature_unit=fahrenheit&timezone=America%2FNew_York&start_date=2026-06-15&end_date=2026-06-15&forecast_days=7
10,2026-06-15T06:01:40Z,KMSP,2026-06-15,,,openmeteo_fetch,"HTTPSConnectionPool(host='api.open-meteo.com', port=443): Read timed out. (read timeout=15)"
11,2026-06-15T06:01:40Z,KMSY,2026-06-15,,,openmeteo_fetch,"HTTPSConnectionPool(host='api.open-meteo.com', port=443): Read timed out. (read timeout=15)"
12,2026-06-15T06:01:40Z,KNYC,2026-06-15,,,openmeteo_fetch,"HTTPSConnectionPool(host='api.open-meteo.com', port=443): Read timed out. (read timeout=15)"
13,2026-06-15T06:01:40Z,KOKC,2026-06-15,,,openmeteo_fetch,"HTTPSConnectionPool(host='api.open-meteo.com', port=443): Read timed out. (read timeout=15)"
14,2026-06-15T06:01:40Z,KPHX,2026-06-15,,,openmeteo_fetch,"HTTPSConnectionPool(host='api.open-meteo.com', port=443): Read timed out. (read timeout=15)"
15,2026-06-15T06:01:40Z,KSAT,2026-06-15,,,openmeteo_fetch,"HTTPSConnectionPool(host='api.open-meteo.com', port=443): Read timed out. (read timeout=15)"
16,2026-06-15T06:01:40Z,KSFO,2026-06-15,,,openmeteo_fetch,"HTTPSConnectionPool(host='api.open-meteo.com', port=443): Read timed out. (read timeout=15)"
17,2026-06-15T06:01:40Z,KSEA,2026-06-15,,,openmeteo_fetch,"HTTPSConnectionPool(host='api.open-meteo.com', port=443): Read timed out. (read timeout=15)"
18,2026-06-15T06:01:40Z,KDCA,2026-06-15,,,openmeteo_fetch,400 Client Error: Bad Request for url: https://api.open-meteo.com/v1/forecast?latitude=38.8512&longitude=-77.0402&daily=temperature_2m_max&temperature_unit=fahrenheit&timezone=America%2FNew_York&start_date=2026-06-15&end_date=2026-06-15&forecast_days=7
1,2026-06-15T08:25:16Z,KATL,2026-06-15,,,openmeteo_fetch,400 Client Error: Bad Request for url: https://api.open-meteo.com/v1/forecast?latitude=33.6367&longitude=-84.4281&daily=temperature_2m_max&temperature_unit=fahrenheit&timezone=America%2FNew_York&start_date=2026-06-15&end_date=2026-06-15&forecast_days=7
2,2026-06-15T08:25:16Z,KAUS,2026-06-15,,,openmeteo_fetch,400 Client Error: Bad Request for url: https://api.open-meteo.com/v1/forecast?latitude=30.1945&longitude=-97.6699&daily=temperature_2m_max&temperature_unit=fahrenheit&timezone=America%2FChicago&start_date=2026-06-15&end_date=2026-06-15&forecast_days=7
3,2026-06-15T08:25:16Z,KBOS,2026-06-15,,,openmeteo_fetch,400 Client Error: Bad Request for url: https://api.open-meteo.com/v1/forecast?latitude=42.3656&longitude=-71.0096&daily=temperature_2m_max&temperature_unit=fahrenheit&timezone=America%2FNew_York&start_date=2026-06-15&end_date=2026-06-15&forecast_days=7
4,2026-06-15T08:25:16Z,KMDW,2026-06-15,,,openmeteo_fetch,400 Client Error: Bad Request for url: https://api.open-meteo.com/v1/forecast?latitude=41.786&longitude=-87.7522&daily=temperature_2m_max&temperature_unit=fahrenheit&timezone=America%2FChicago&start_date=2026-06-15&end_date=2026-06-15&forecast_days=7
5,2026-06-15T08:25:16Z,KDFW,2026-06-15,,,openmeteo_fetch,400 Client Error: Bad Request for url: https://api.open-meteo.com/v1/forecast?latitude=32.8998&longitude=-97.0403&daily=temperature_2m_max&temperature_unit=fahrenheit&timezone=America%2FChicago&start_date=2026-06-15&end_date=2026-06-15&forecast_days=7
6,2026-06-15T08:25:16Z,KDEN,2026-06-15,,,openmeteo_fetch,400 Client Error: Bad Request for url: https://api.open-meteo.com/v1/forecast?latitude=39.8561&longitude=-104.6737&daily=temperature_2m_max&temperature_unit=fahrenheit&timezone=America%2FDenver&start_date=2026-06-15&end_date=2026-06-15&forecast_days=7
7,2026-06-15T08:25:16Z,KIAH,2026-06-15,,,openmeteo_fetch,400 Client Error: Bad Request for url: https://api.open-meteo.com/v1/forecast?latitude=29.9902&longitude=-95.3368&daily=temperature_2m_max&temperature_unit=fahrenheit&timezone=America%2FChicago&start_date=2026-06-15&end_date=2026-06-15&forecast_days=7
8,2026-06-15T08:25:16Z,KLAS,2026-06-15,,,openmeteo_fetch,400 Client Error: Bad Request for url: https://api.open-meteo.com/v1/forecast?latitude=36.084&longitude=-115.1537&daily=temperature_2m_max&temperature_unit=fahrenheit&timezone=America%2FLos_Angeles&start_date=2026-06-15&end_date=2026-06-15&forecast_days=7
9,2026-06-15T08:25:16Z,KLAX,2026-06-15,,,openmeteo_fetch,400 Client Error: Bad Request for url: https://api.open-meteo.com/v1/forecast?latitude=33.9425&longitude=-118.4081&daily=temperature_2m_max&temperature_unit=fahrenheit&timezone=America%2FLos_Angeles&start_date=2026-06-15&end_date=2026-06-15&forecast_days=7
10,2026-06-15T08:25:16Z,KMIA,2026-06-15,,,openmeteo_fetch,400 Client Error: Bad Request for url: https://api.open-meteo.com/v1/forecast?latitude=25.7959&longitude=-80.3187&daily=temperature_2m_max&temperature_unit=fahrenheit&timezone=America%2FNew_York&start_date=2026-06-15&end_date=2026-06-15&forecast_days=7
11,2026-06-15T08:25:16Z,KMSP,2026-06-15,,,openmeteo_fetch,"HTTPSConnectionPool(host='api.open-meteo.com', port=443): Read timed out. (read timeout=15)"
12,2026-06-15T08:25:16Z,KMSY,2026-06-15,,,openmeteo_fetch,"HTTPSConnectionPool(host='api.open-meteo.com', port=443): Read timed out. (read timeout=15)"
13,2026-06-15T08:25:16Z,KNYC,2026-06-15,,,openmeteo_fetch,"HTTPSConnectionPool(host='api.open-meteo.com', port=443): Read timed out. (read timeout=15)"
14,2026-06-15T08:25:16Z,KOKC,2026-06-15,,,openmeteo_fetch,"HTTPSConnectionPool(host='api.open-meteo.com', port=443): Read timed out. (read timeout=15)"
15,2026-06-15T08:25:16Z,KPHL,2026-06-15,,,openmeteo_fetch,"HTTPSConnectionPool(host='api.open-meteo.com', port=443): Read timed out. (read timeout=15)"
16,2026-06-15T08:25:16Z,KPHX,2026-06-15,,,openmeteo_fetch,"HTTPSConnectionPool(host='api.open-meteo.com', port=443): Read timed out. (read timeout=15)"
17,2026-06-15T08:25:16Z,KSAT,2026-06-15,,,openmeteo_fetch,"HTTPSConnectionPool(host='api.open-meteo.com', port=443): Read timed out. (read timeout=15)"
18,2026-06-15T08:25:16Z,KSFO,2026-06-15,,,openmeteo_fetch,"HTTPSConnectionPool(host='api.open-meteo.com', port=443): Read timed out. (read timeout=15)"
19,2026-06-15T08:25:16Z,KSEA,2026-06-15,,,openmeteo_fetch,400 Client Error: Bad Request for url: https://api.open-meteo.com/v1/forecast?latitude=47.4502&longitude=-122.3088&daily=temperature_2m_max&temperature_unit=fahrenheit&timezone=America%2FLos_Angeles&start_date=2026-06-15&end_date=2026-06-15&forecast_days=7
20,2026-06-15T08:25:16Z,KDCA,2026-06-15,,,openmeteo_fetch,400 Client Error: Bad Request for url: https://api.open-meteo.com/v1/forecast?latitude=38.8512&longitude=-77.0402&daily=temperature_2m_max&temperature_unit=fahrenheit&timezone=America%2FNew_York&start_date=2026-06-15&end_date=2026-06-15&forecast_days=7
1,2026-06-15T10:42:47Z,KATL,2026-06-15,,,openmeteo_fetch,400 Client Error: Bad Request for url: https://api.open-meteo.com/v1/forecast?latitude=33.6367&longitude=-84.4281&daily=temperature_2m_max&temperature_unit=fahrenheit&timezone=America%2FNew_York&start_date=2026-06-15&end_date=2026-06-15&forecast_days=7
2,2026-06-15T10:42:47Z,KAUS,2026-06-15,,,openmeteo_fetch,400 Client Error: Bad Request for url: https://api.open-meteo.com/v1/forecast?latitude=30.1945&longitude=-97.6699&daily=temperature_2m_max&temperature_unit=fahrenheit&timezone=America%2FChicago&start_date=2026-06-15&end_date=2026-06-15&forecast_days=7
3,2026-06-15T10:42:47Z,KBOS,2026-06-15,,,openmeteo_fetch,400 Client Error: Bad Request for url: https://api.open-meteo.com/v1/forecast?latitude=42.3656&longitude=-71.0096&daily=temperature_2m_max&temperature_unit=fahrenheit&timezone=America%2FNew_York&start_date=2026-06-15&end_date=2026-06-15&forecast_days=7
4,2026-06-15T10:42:47Z,KMDW,2026-06-15,,,openmeteo_fetch,400 Client Error: Bad Request for url: https://api.open-meteo.com/v1/forecast?latitude=41.786&longitude=-87.7522&daily=temperature_2m_max&temperature_unit=fahrenheit&timezone=America%2FChicago&start_date=2026-06-15&end_date=2026-06-15&forecast_days=7
5,2026-06-15T10:42:47Z,KDFW,2026-06-15,,,openmeteo_fetch,400 Client Error: Bad Request for url: https://api.open-meteo.com/v1/forecast?latitude=32.8998&longitude=-97.0403&daily=temperature_2m_max&temperature_unit=fahrenheit&timezone=America%2FChicago&start_date=2026-06-15&end_date=2026-06-15&forecast_days=7
6,2026-06-15T10:42:47Z,KIAH,2026-06-15,,,openmeteo_fetch,400 Client Error: Bad Request for url: https://api.open-meteo.com/v1/forecast?latitude=29.9902&longitude=-95.3368&daily=temperature_2m_max&temperature_unit=fahrenheit&timezone=America%2FChicago&start_date=2026-06-15&end_date=2026-06-15&forecast_days=7
7,2026-06-15T10:42:47Z,KLAS,2026-06-15,,,openmeteo_fetch,400 Client Error: Bad Request for url: https://api.open-meteo.com/v1/forecast?latitude=36.084&longitude=-115.1537&daily=temperature_2m_max&temperature_unit=fahrenheit&timezone=America%2FLos_Angeles&start_date=2026-06-15&end_date=2026-06-15&forecast_days=7
8,2026-06-15T10:42:47Z,KLAX,2026-06-15,,,openmeteo_fetch,400 Client Error: Bad Request for url: https://api.open-meteo.com/v1/forecast?latitude=33.9425&longitude=-118.4081&daily=temperature_2m_max&temperature_unit=fahrenheit&timezone=America%2FLos_Angeles&start_date=2026-06-15&end_date=2026-06-15&forecast_days=7
9,2026-06-15T10:42:47Z,KMIA,2026-06-15,,,openmeteo_fetch,400 Client Error: Bad Request for url: https://api.open-meteo.com/v1/forecast?latitude=25.7959&longitude=-80.3187&daily=temperature_2m_max&temperature_unit=fahrenheit&timezone=America%2FNew_York&start_date=2026-06-15&end_date=2026-06-15&forecast_days=7
10,2026-06-15T10:42:47Z,KMSP,2026-06-15,,,openmeteo_fetch,400 Client Error: Bad Request for url: https://api.open-meteo.com/v1/forecast?latitude=44.8848&longitude=-93.2223&daily=temperature_2m_max&temperature_unit=fahrenheit&timezone=America%2FChicago&start_date=2026-06-15&end_date=2026-06-15&forecast_days=7
11,2026-06-15T10:42:47Z,KMSY,2026-06-15,,,openmeteo_fetch,"HTTPSConnectionPool(host='api.open-meteo.com', port=443): Read timed out. (read timeout=15)"
12,2026-06-15T10:42:47Z,KNYC,2026-06-15,,,openmeteo_fetch,"HTTPSConnectionPool(host='api.open-meteo.com', port=443): Read timed out. (read timeout=15)"
13,2026-06-15T10:42:47Z,KOKC,2026-06-15,,,openmeteo_fetch,"HTTPSConnectionPool(host='api.open-meteo.com', port=443): Read timed out. (read timeout=15)"
14,2026-06-15T10:42:47Z,KPHL,2026-06-15,,,openmeteo_fetch,"HTTPSConnectionPool(host='api.open-meteo.com', port=443): Read timed out. (read timeout=15)"
15,2026-06-15T10:42:47Z,KPHX,2026-06-15,,,openmeteo_fetch,"HTTPSConnectionPool(host='api.open-meteo.com', port=443): Read timed out. (read timeout=15)"
16,2026-06-15T10:42:47Z,KSAT,2026-06-15,,,openmeteo_fetch,"HTTPSConnectionPool(host='api.open-meteo.com', port=443): Read timed out. (read timeout=15)"
17,2026-06-15T10:42:47Z,KSEA,2026-06-15,,,openmeteo_fetch,"HTTPSConnectionPool(host='api.open-meteo.com', port=443): Read timed out. (read timeout=15)"
18,2026-06-15T10:42:47Z,KDCA,2026-06-15,,,openmeteo_fetch,400 Client Error: Bad Request for url: https://api.open-meteo.com/v1/forecast?latitude=38.8512&longitude=-77.0402&daily=temperature_2m_max&temperature_unit=fahrenheit&timezone=America%2FNew_York&start_date=2026-06-15&end_date=2026-06-15&forecast_days=7
1,2026-06-15T13:12:48Z,KATL,2026-06-15,,,openmeteo_fetch,400 Client Error: Bad Request for url: https://api.open-meteo.com/v1/forecast?latitude=33.6367&longitude=-84.4281&daily=temperature_2m_max&temperature_unit=fahrenheit&timezone=America%2FNew_York&start_date=2026-06-15&end_date=2026-06-15&forecast_days=7
2,2026-06-15T13:12:48Z,KAUS,2026-06-15,,,openmeteo_fetch,400 Client Error: Bad Request for url: https://api.open-meteo.com/v1/forecast?latitude=30.1945&longitude=-97.6699&daily=temperature_2m_max&temperature_unit=fahrenheit&timezone=America%2FChicago&start_date=2026-06-15&end_date=2026-06-15&forecast_days=7
3,2026-06-15T13:12:48Z,KBOS,2026-06-15,,,openmeteo_fetch,400 Client Error: Bad Request for url: https://api.open-meteo.com/v1/forecast?latitude=42.3656&longitude=-71.0096&daily=temperature_2m_max&temperature_unit=fahrenheit&timezone=America%2FNew_York&start_date=2026-06-15&end_date=2026-06-15&forecast_days=7
4,2026-06-15T13:12:48Z,KMDW,2026-06-15,,,openmeteo_fetch,400 Client Error: Bad Request for url: https://api.open-meteo.com/v1/forecast?latitude=41.786&longitude=-87.7522&daily=temperature_2m_max&temperature_unit=fahrenheit&timezone=America%2FChicago&start_date=2026-06-15&end_date=2026-06-15&forecast_days=7
5,2026-06-15T13:12:48Z,KDFW,2026-06-15,,,openmeteo_fetch,400 Client Error: Bad Request for url: https://api.open-meteo.com/v1/forecast?latitude=32.8998&longitude=-97.0403&daily=temperature_2m_max&temperature_unit=fahrenheit&timezone=America%2FChicago&start_date=2026-06-15&end_date=2026-06-15&forecast_days=7
6,2026-06-15T13:12:48Z,KDEN,2026-06-15,,,openmeteo_fetch,400 Client Error: Bad Request for url: https://api.open-meteo.com/v1/forecast?latitude=39.8561&longitude=-104.6737&daily=temperature_2m_max&temperature_unit=fahrenheit&timezone=America%2FDenver&start_date=2026-06-15&end_date=2026-06-15&forecast_days=7
7,2026-06-15T13:12:48Z,KIAH,2026-06-15,,,openmeteo_fetch,400 Client Error: Bad Request for url: https://api.open-meteo.com/v1/forecast?latitude=29.9902&longitude=-95.3368&daily=temperature_2m_max&temperature_unit=fahrenheit&timezone=America%2FChicago&start_date=2026-06-15&end_date=2026-06-15&forecast_days=7
8,2026-06-15T13:12:48Z,KLAS,2026-06-15,,,openmeteo_fetch,400 Client Error: Bad Request for url: https://api.open-meteo.com/v1/forecast?latitude=36.084&longitude=-115.1537&daily=temperature_2m_max&temperature_unit=fahrenheit&timezone=America%2FLos_Angeles&start_date=2026-06-15&end_date=2026-06-15&forecast_days=7
9,2026-06-15T13:12:48Z,KLAX,2026-06-15,,,openmeteo_fetch,400 Client Error: Bad Request for url: https://api.open-meteo.com/v1/forecast?latitude=33.9425&longitude=-118.4081&daily=temperature_2m_max&temperature_unit=fahrenheit&timezone=America%2FLos_Angeles&start_date=2026-06-15&end_date=2026-06-15&forecast_days=7
10,2026-06-15T13:12:48Z,KMIA,2026-06-15,,,openmeteo_fetch,400 Client Error: Bad Request for url: https://api.open-meteo.com/v1/forecast?latitude=25.7959&longitude=-80.3187&daily=temperature_2m_max&temperature_unit=fahrenheit&timezone=America%2FNew_York&start_date=2026-06-15&end_date=2026-06-15&forecast_days=7
11,2026-06-15T13:12:48Z,KMSP,2026-06-15,,,openmeteo_fetch,"HTTPSConnectionPool(host='api.open-meteo.com', port=443): Read timed out. (read timeout=15)"
12,2026-06-15T13:12:48Z,KMSY,2026-06-15,,,openmeteo_fetch,"HTTPSConnectionPool(host='api.open-meteo.com', port=443): Read timed out. (read timeout=15)"
13,2026-06-15T13:12:48Z,KNYC,2026-06-15,,,openmeteo_fetch,"HTTPSConnectionPool(host='api.open-meteo.com', port=443): Read timed out. (read timeout=15)"
14,2026-06-15T13:12:48Z,KOKC,2026-06-15,,,openmeteo_fetch,"HTTPSConnectionPool(host='api.open-meteo.com', port=443): Read timed out. (read timeout=15)"
15,2026-06-15T13:12:48Z,KPHL,2026-06-15,,,openmeteo_fetch,"HTTPSConnectionPool(host='api.open-meteo.com', port=443): Read timed out. (read timeout=15)"
16,2026-06-15T13:12:48Z,KPHX,2026-06-15,,,openmeteo_fetch,"HTTPSConnectionPool(host='api.open-meteo.com', port=443): Read timed out. (read timeout=15)"
17,2026-06-15T13:12:48Z,KSAT,2026-06-15,,,openmeteo_fetch,"HTTPSConnectionPool(host='api.open-meteo.com', port=443): Read timed out. (read timeout=15)"
18,2026-06-15T13:12:48Z,KSFO,2026-06-15,,,openmeteo_fetch,"HTTPSConnectionPool(host='api.open-meteo.com', port=443): Read timed out. (read timeout=15)"
19,2026-06-15T13:12:48Z,KSEA,2026-06-15,,,openmeteo_fetch,400 Client Error: Bad Request for url: https://api.open-meteo.com/v1/forecast?latitude=47.4502&longitude=-122.3088&daily=temperature_2m_max&temperature_unit=fahrenheit&timezone=America%2FLos_Angeles&start_date=2026-06-15&end_date=2026-06-15&forecast_days=7
20,2026-06-15T13:12:48Z,KDCA,2026-06-15,,,openmeteo_fetch,400 Client Error: Bad Request for url: https://api.open-meteo.com/v1/forecast?latitude=38.8512&longitude=-77.0402&daily=temperature_2m_max&temperature_unit=fahrenheit&timezone=America%2FNew_York&start_date=2026-06-15&end_date=2026-06-15&forecast_days=7
