id,run_at,icao,target_date,ticker,label,bucket_low,bucket_high,yes_bid,yes_ask,no_bid,no_ask,volume,market_type
1,2026-07-21T01:01:53Z,KATL,2026-07-21,KXHIGHTATL-26JUL21-T95,96° or above,96.0,999.0,3,4,96,97,408.0,high
2,2026-07-21T01:01:53Z,KATL,2026-07-21,KXHIGHTATL-26JUL21-T88,87° or below,-999.0,87.0,4,5,95,96,20.7,high
3,2026-07-21T01:01:53Z,KATL,2026-07-21,KXHIGHTATL-26JUL21-B94.5,94° to 95°,94.0,95.0,6,7,93,94,25.01,high
4,2026-07-21T01:01:53Z,KATL,2026-07-21,KXHIGHTATL-26JUL21-B92.5,92° to 93°,92.0,93.0,53,54,46,47,816.7,high
5,2026-07-21T01:01:53Z,KATL,2026-07-21,KXHIGHTATL-26JUL21-B90.5,90° to 91°,90.0,91.0,33,34,66,67,76.91,high
6,2026-07-21T01:01:53Z,KATL,2026-07-21,KXHIGHTATL-26JUL21-B88.5,88° to 89°,88.0,89.0,6,7,93,94,6.27,high
7,2026-07-21T01:01:53Z,KATL,2026-07-21,KXHIGHTATL-26JUL20-T96,97° or above,97.0,999.0,0,1,99,100,3434.61,high
8,2026-07-21T01:01:53Z,KATL,2026-07-21,KXHIGHTATL-26JUL20-T89,88° or below,-999.0,88.0,0,1,99,100,1625.77,high
9,2026-07-21T01:01:53Z,KATL,2026-07-21,KXHIGHTATL-26JUL20-B95.5,95° to 96°,95.0,96.0,0,1,99,100,11276.27,high
10,2026-07-21T01:01:53Z,KATL,2026-07-21,KXHIGHTATL-26JUL20-B93.5,93° to 94°,93.0,94.0,99,100,0,1,9007.06,high
11,2026-07-21T01:01:53Z,KATL,2026-07-21,KXHIGHTATL-26JUL20-B91.5,91° to 92°,91.0,92.0,0,1,99,100,17039.94,high
12,2026-07-21T01:01:53Z,KATL,2026-07-21,KXHIGHTATL-26JUL20-B89.5,89° to 90°,89.0,90.0,0,1,99,100,2235.38,high
13,2026-07-21T01:01:53Z,KATL,2026-07-21,KXLOWTATL-26JUL21-T76,77° or above,77.0,999.0,3,4,96,97,245.0,low
14,2026-07-21T01:01:53Z,KATL,2026-07-21,KXLOWTATL-26JUL21-T69,68° or below,-999.0,68.0,1,4,96,99,37.0,low
15,2026-07-21T01:01:53Z,KATL,2026-07-21,KXLOWTATL-26JUL21-B75.5,75° to 76°,75.0,76.0,69,74,26,31,538.35,low
16,2026-07-21T01:01:53Z,KATL,2026-07-21,KXLOWTATL-26JUL21-B73.5,73° to 74°,73.0,74.0,25,28,72,75,59.0,low
17,2026-07-21T01:01:53Z,KATL,2026-07-21,KXLOWTATL-26JUL21-B71.5,71° to 72°,71.0,72.0,1,4,96,99,30.0,low
18,2026-07-21T01:01:53Z,KATL,2026-07-21,KXLOWTATL-26JUL21-B69.5,69° to 70°,69.0,70.0,1,4,96,99,26.0,low
19,2026-07-21T01:01:53Z,KATL,2026-07-21,KXLOWTATL-26JUL20-T76,77° or above,77.0,999.0,0,1,99,100,1601.64,low
20,2026-07-21T01:01:53Z,KATL,2026-07-21,KXLOWTATL-26JUL20-T69,68° or below,-999.0,68.0,0,1,99,100,179.56,low
21,2026-07-21T01:01:53Z,KATL,2026-07-21,KXLOWTATL-26JUL20-B75.5,75° to 76°,75.0,76.0,0,1,99,100,1806.43,low
22,2026-07-21T01:01:53Z,KATL,2026-07-21,KXLOWTATL-26JUL20-B73.5,73° to 74°,73.0,74.0,92,93,7,8,1606.68,low
23,2026-07-21T01:01:53Z,KATL,2026-07-21,KXLOWTATL-26JUL20-B71.5,71° to 72°,71.0,72.0,0,8,92,100,1340.71,low
24,2026-07-21T01:01:53Z,KATL,2026-07-21,KXLOWTATL-26JUL20-B69.5,69° to 70°,69.0,70.0,0,5,95,100,271.86,low
25,2026-07-21T01:01:53Z,KAUS,2026-07-21,KXHIGHAUS-26JUL21-T95,94° or below,-999.0,94.0,1,2,98,99,114.19,high
26,2026-07-21T01:01:53Z,KAUS,2026-07-21,KXHIGHAUS-26JUL21-T102,103° or above,103.0,999.0,9,10,90,91,982.81,high
27,2026-07-21T01:01:53Z,KAUS,2026-07-21,KXHIGHAUS-26JUL21-B99.5,99° to 100°,99.0,100.0,49,52,48,51,683.78,high
28,2026-07-21T01:01:53Z,KAUS,2026-07-21,KXHIGHAUS-26JUL21-B97.5,97° to 98°,97.0,98.0,8,9,91,92,193.62,high
29,2026-07-21T01:01:53Z,KAUS,2026-07-21,KXHIGHAUS-26JUL21-B95.5,95° to 96°,95.0,96.0,2,3,97,98,110.27,high
30,2026-07-21T01:01:53Z,KAUS,2026-07-21,KXHIGHAUS-26JUL21-B101.5,101° to 102°,101.0,102.0,28,30,70,72,3482.19,high
31,2026-07-21T01:01:53Z,KAUS,2026-07-21,KXHIGHAUS-26JUL20-T93,92° or below,-999.0,92.0,0,1,99,100,745.84,high
32,2026-07-21T01:01:53Z,KAUS,2026-07-21,KXHIGHAUS-26JUL20-T100,101° or above,101.0,999.0,0,1,99,100,2788.51,high
33,2026-07-21T01:01:53Z,KAUS,2026-07-21,KXHIGHAUS-26JUL20-B99.5,99° to 100°,99.0,100.0,0,1,99,100,13059.82,high
34,2026-07-21T01:01:53Z,KAUS,2026-07-21,KXHIGHAUS-26JUL20-B97.5,97° to 98°,97.0,98.0,99,100,0,1,9273.08,high
35,2026-07-21T01:01:53Z,KAUS,2026-07-21,KXHIGHAUS-26JUL20-B95.5,95° to 96°,95.0,96.0,0,1,99,100,11352.92,high
36,2026-07-21T01:01:53Z,KAUS,2026-07-21,KXHIGHAUS-26JUL20-B93.5,93° to 94°,93.0,94.0,0,1,99,100,1252.42,high
37,2026-07-21T01:01:53Z,KAUS,2026-07-21,KXLOWTAUS-26JUL21-T73,74° or above,74.0,999.0,19,22,78,81,661.18,low
38,2026-07-21T01:01:53Z,KAUS,2026-07-21,KXLOWTAUS-26JUL21-T66,65° or below,-999.0,65.0,2,3,97,98,185.1,low
39,2026-07-21T01:01:53Z,KAUS,2026-07-21,KXLOWTAUS-26JUL21-B72.5,72° to 73°,72.0,73.0,37,40,60,63,994.83,low
40,2026-07-21T01:01:53Z,KAUS,2026-07-21,KXLOWTAUS-26JUL21-B70.5,70° to 71°,70.0,71.0,34,37,63,66,372.69,low
41,2026-07-21T01:01:53Z,KAUS,2026-07-21,KXLOWTAUS-26JUL21-B68.5,68° to 69°,68.0,69.0,6,7,93,94,378.0,low
42,2026-07-21T01:01:53Z,KAUS,2026-07-21,KXLOWTAUS-26JUL21-B66.5,66° to 67°,66.0,67.0,3,5,95,97,8.0,low
43,2026-07-21T01:01:53Z,KAUS,2026-07-21,KXLOWTAUS-26JUL20-T75,76° or above,76.0,999.0,0,1,99,100,2855.57,low
44,2026-07-21T01:01:53Z,KAUS,2026-07-21,KXLOWTAUS-26JUL20-T68,67° or below,-999.0,67.0,0,1,99,100,346.0,low
45,2026-07-21T01:01:53Z,KAUS,2026-07-21,KXLOWTAUS-26JUL20-B74.5,74° to 75°,74.0,75.0,95,98,2,5,4686.65,low
46,2026-07-21T01:01:53Z,KAUS,2026-07-21,KXLOWTAUS-26JUL20-B72.5,72° to 73°,72.0,73.0,1,7,93,99,6146.07,low
47,2026-07-21T01:01:53Z,KAUS,2026-07-21,KXLOWTAUS-26JUL20-B70.5,70° to 71°,70.0,71.0,0,1,99,100,1047.81,low
48,2026-07-21T01:01:53Z,KAUS,2026-07-21,KXLOWTAUS-26JUL20-B68.5,68° to 69°,68.0,69.0,0,1,99,100,289.73,low
49,2026-07-21T01:01:53Z,KBOS,2026-07-21,KXHIGHTBOS-26JUL21-T84,85° or above,85.0,999.0,5,6,94,95,46.0,high
50,2026-07-21T01:01:53Z,KBOS,2026-07-21,KXHIGHTBOS-26JUL21-T77,76° or below,-999.0,76.0,4,6,94,96,24.61,high
51,2026-07-21T01:01:53Z,KBOS,2026-07-21,KXHIGHTBOS-26JUL21-B83.5,83° to 84°,83.0,84.0,11,15,85,89,10.44,high
52,2026-07-21T01:01:53Z,KBOS,2026-07-21,KXHIGHTBOS-26JUL21-B81.5,81° to 82°,81.0,82.0,30,31,69,70,281.95,high
53,2026-07-21T01:01:53Z,KBOS,2026-07-21,KXHIGHTBOS-26JUL21-B79.5,79° to 80°,79.0,80.0,27,29,71,73,74.37,high
54,2026-07-21T01:01:53Z,KBOS,2026-07-21,KXHIGHTBOS-26JUL21-B77.5,77° to 78°,77.0,78.0,15,16,84,85,382.59,high
55,2026-07-21T01:01:53Z,KBOS,2026-07-21,KXHIGHTBOS-26JUL20-T86,87° or above,87.0,999.0,0,1,99,100,1079.21,high
56,2026-07-21T01:01:53Z,KBOS,2026-07-21,KXHIGHTBOS-26JUL20-T79,78° or below,-999.0,78.0,0,1,99,100,4300.53,high
57,2026-07-21T01:01:53Z,KBOS,2026-07-21,KXHIGHTBOS-26JUL20-B85.5,85° to 86°,85.0,86.0,0,1,99,100,4487.55,high
58,2026-07-21T01:01:53Z,KBOS,2026-07-21,KXHIGHTBOS-26JUL20-B83.5,83° to 84°,83.0,84.0,0,1,99,100,8539.72,high
59,2026-07-21T01:01:53Z,KBOS,2026-07-21,KXHIGHTBOS-26JUL20-B81.5,81° to 82°,81.0,82.0,99,100,0,1,10621.57,high
60,2026-07-21T01:01:53Z,KBOS,2026-07-21,KXHIGHTBOS-26JUL20-B79.5,79° to 80°,79.0,80.0,0,1,99,100,3678.72,high
61,2026-07-21T01:01:53Z,KBOS,2026-07-21,KXLOWTBOS-26JUL21-T61,62° or above,62.0,999.0,82,87,13,18,223.85,low
62,2026-07-21T01:01:53Z,KBOS,2026-07-21,KXLOWTBOS-26JUL21-T54,53° or below,-999.0,53.0,0,1,99,100,151.0,low
63,2026-07-21T01:01:53Z,KBOS,2026-07-21,KXLOWTBOS-26JUL21-B60.5,60° to 61°,60.0,61.0,5,8,92,95,20.34,low
64,2026-07-21T01:01:53Z,KBOS,2026-07-21,KXLOWTBOS-26JUL21-B58.5,58° to 59°,58.0,59.0,3,7,93,97,5.0,low
65,2026-07-21T01:01:53Z,KBOS,2026-07-21,KXLOWTBOS-26JUL21-B56.5,56° to 57°,56.0,57.0,1,2,98,99,11.0,low
66,2026-07-21T01:01:53Z,KBOS,2026-07-21,KXLOWTBOS-26JUL21-B54.5,54° to 55°,54.0,55.0,0,2,98,100,53.0,low
67,2026-07-21T01:01:53Z,KBOS,2026-07-21,KXLOWTBOS-26JUL20-T54,55° or above,55.0,999.0,98,100,0,2,5174.79,low
68,2026-07-21T01:01:53Z,KBOS,2026-07-21,KXLOWTBOS-26JUL20-T47,46° or below,-999.0,46.0,0,1,99,100,155.05,low
69,2026-07-21T01:01:53Z,KBOS,2026-07-21,KXLOWTBOS-26JUL20-B53.5,53° to 54°,53.0,54.0,0,3,97,100,72.06,low
70,2026-07-21T01:01:53Z,KBOS,2026-07-21,KXLOWTBOS-26JUL20-B51.5,51° to 52°,51.0,52.0,0,3,97,100,131.13,low
71,2026-07-21T01:01:53Z,KBOS,2026-07-21,KXLOWTBOS-26JUL20-B49.5,49° to 50°,49.0,50.0,0,1,99,100,104.0,low
72,2026-07-21T01:01:53Z,KBOS,2026-07-21,KXLOWTBOS-26JUL20-B47.5,47° to 48°,47.0,48.0,0,1,99,100,147.55,low
457,2026-07-21T01:01:53Z,KDCA,2026-07-21,KXHIGHTDC-26JUL21-T93,94° or above,94.0,999.0,2,3,97,98,607.56,high
458,2026-07-21T01:01:53Z,KDCA,2026-07-21,KXHIGHTDC-26JUL21-T86,85° or below,-999.0,85.0,4,5,95,96,74.07,high
459,2026-07-21T01:01:53Z,KDCA,2026-07-21,KXHIGHTDC-26JUL21-B92.5,92° to 93°,92.0,93.0,33,35,65,67,187.93,high
460,2026-07-21T01:01:53Z,KDCA,2026-07-21,KXHIGHTDC-26JUL21-B90.5,90° to 91°,90.0,91.0,37,38,62,63,221.78,high
461,2026-07-21T01:01:53Z,KDCA,2026-07-21,KXHIGHTDC-26JUL21-B88.5,88° to 89°,88.0,89.0,15,16,84,85,46.85,high
462,2026-07-21T01:01:53Z,KDCA,2026-07-21,KXHIGHTDC-26JUL21-B86.5,86° to 87°,86.0,87.0,9,10,90,91,121.4,high
463,2026-07-21T01:01:53Z,KDCA,2026-07-21,KXHIGHTDC-26JUL20-T91,92° or above,92.0,999.0,0,1,99,100,713.47,high
464,2026-07-21T01:01:53Z,KDCA,2026-07-21,KXHIGHTDC-26JUL20-T84,83° or below,-999.0,83.0,0,1,99,100,1388.71,high
465,2026-07-21T01:01:53Z,KDCA,2026-07-21,KXHIGHTDC-26JUL20-B90.5,90° to 91°,90.0,91.0,0,1,99,100,2592.5,high
466,2026-07-21T01:01:53Z,KDCA,2026-07-21,KXHIGHTDC-26JUL20-B88.5,88° to 89°,88.0,89.0,0,1,99,100,8012.93,high
467,2026-07-21T01:01:53Z,KDCA,2026-07-21,KXHIGHTDC-26JUL20-B86.5,86° to 87°,86.0,87.0,99,100,0,1,8335.43,high
468,2026-07-21T01:01:53Z,KDCA,2026-07-21,KXHIGHTDC-26JUL20-B84.5,84° to 85°,84.0,85.0,0,1,99,100,2023.32,high
469,2026-07-21T01:01:53Z,KDCA,2026-07-21,KXLOWTDC-26JUL21-T73,74° or above,74.0,999.0,57,60,40,43,881.66,low
470,2026-07-21T01:01:53Z,KDCA,2026-07-21,KXLOWTDC-26JUL21-T66,65° or below,-999.0,65.0,0,1,99,100,15.0,low
471,2026-07-21T01:01:53Z,KDCA,2026-07-21,KXLOWTDC-26JUL21-B72.5,72° to 73°,72.0,73.0,31,36,64,69,50.45,low
472,2026-07-21T01:01:53Z,KDCA,2026-07-21,KXLOWTDC-26JUL21-B70.5,70° to 71°,70.0,71.0,6,7,93,94,142.0,low
473,2026-07-21T01:01:53Z,KDCA,2026-07-21,KXLOWTDC-26JUL21-B68.5,68° to 69°,68.0,69.0,1,4,96,99,0.0,low
474,2026-07-21T01:01:53Z,KDCA,2026-07-21,KXLOWTDC-26JUL21-B66.5,66° to 67°,66.0,67.0,1,4,96,99,26.0,low
475,2026-07-21T01:01:53Z,KDCA,2026-07-21,KXLOWTDC-26JUL20-T71,72° or above,72.0,999.0,0,1,99,100,2366.92,low
476,2026-07-21T01:01:53Z,KDCA,2026-07-21,KXLOWTDC-26JUL20-T64,63° or below,-999.0,63.0,0,1,99,100,80.05,low
477,2026-07-21T01:01:53Z,KDCA,2026-07-21,KXLOWTDC-26JUL20-B70.5,70° to 71°,70.0,71.0,93,98,2,7,2406.6,low
478,2026-07-21T01:01:53Z,KDCA,2026-07-21,KXLOWTDC-26JUL20-B68.5,68° to 69°,68.0,69.0,1,5,95,99,2954.38,low
479,2026-07-21T01:01:53Z,KDCA,2026-07-21,KXLOWTDC-26JUL20-B66.5,66° to 67°,66.0,67.0,0,1,99,100,537.05,low
480,2026-07-21T01:01:53Z,KDCA,2026-07-21,KXLOWTDC-26JUL20-B64.5,64° to 65°,64.0,65.0,0,1,99,100,141.05,low
121,2026-07-21T01:01:53Z,KDEN,2026-07-21,KXHIGHDEN-26JUL21-T96,97° or above,97.0,999.0,8,9,91,92,758.17,high
122,2026-07-21T01:01:53Z,KDEN,2026-07-21,KXHIGHDEN-26JUL21-T89,88° or below,-999.0,88.0,2,3,97,98,805.94,high
123,2026-07-21T01:01:53Z,KDEN,2026-07-21,KXHIGHDEN-26JUL21-B95.5,95° to 96°,95.0,96.0,19,20,80,81,81.5,high
124,2026-07-21T01:01:53Z,KDEN,2026-07-21,KXHIGHDEN-26JUL21-B93.5,93° to 94°,93.0,94.0,45,46,54,55,592.54,high
125,2026-07-21T01:01:53Z,KDEN,2026-07-21,KXHIGHDEN-26JUL21-B91.5,91° to 92°,91.0,92.0,19,20,80,81,437.94,high
126,2026-07-21T01:01:53Z,KDEN,2026-07-21,KXHIGHDEN-26JUL21-B89.5,89° to 90°,89.0,90.0,7,10,90,93,39.0,high
127,2026-07-21T01:01:53Z,KDEN,2026-07-21,KXHIGHDEN-26JUL20-T95,94° or below,-999.0,94.0,0,1,99,100,1783.11,high
128,2026-07-21T01:01:53Z,KDEN,2026-07-21,KXHIGHDEN-26JUL20-T102,103° or above,103.0,999.0,0,1,99,100,3550.93,high
129,2026-07-21T01:01:53Z,KDEN,2026-07-21,KXHIGHDEN-26JUL20-B99.5,99° to 100°,99.0,100.0,95,96,4,5,16647.12,high
130,2026-07-21T01:01:53Z,KDEN,2026-07-21,KXHIGHDEN-26JUL20-B97.5,97° to 98°,97.0,98.0,0,1,99,100,4641.39,high
131,2026-07-21T01:01:53Z,KDEN,2026-07-21,KXHIGHDEN-26JUL20-B95.5,95° to 96°,95.0,96.0,0,1,99,100,3156.32,high
132,2026-07-21T01:01:53Z,KDEN,2026-07-21,KXHIGHDEN-26JUL20-B101.5,101° to 102°,101.0,102.0,3,4,96,97,17035.0,high
133,2026-07-21T01:01:53Z,KDEN,2026-07-21,KXLOWTDEN-26JUL21-T72,73° or above,73.0,999.0,1,7,93,99,16.0,low
134,2026-07-21T01:01:53Z,KDEN,2026-07-21,KXLOWTDEN-26JUL21-T65,64° or below,-999.0,64.0,3,8,92,97,379.61,low
135,2026-07-21T01:01:53Z,KDEN,2026-07-21,KXLOWTDEN-26JUL21-B71.5,71° to 72°,71.0,72.0,5,6,94,95,5.0,low
136,2026-07-21T01:01:53Z,KDEN,2026-07-21,KXLOWTDEN-26JUL21-B69.5,69° to 70°,69.0,70.0,8,9,91,92,55.01,low
137,2026-07-21T01:01:53Z,KDEN,2026-07-21,KXLOWTDEN-26JUL21-B67.5,67° to 68°,67.0,68.0,22,31,69,78,364.0,low
138,2026-07-21T01:01:53Z,KDEN,2026-07-21,KXLOWTDEN-26JUL21-B65.5,65° to 66°,65.0,66.0,49,55,45,51,264.3,low
139,2026-07-21T01:01:53Z,KDEN,2026-07-21,KXLOWTDEN-26JUL20-T72,73° or above,73.0,999.0,0,1,99,100,263.57,low
140,2026-07-21T01:01:53Z,KDEN,2026-07-21,KXLOWTDEN-26JUL20-T65,64° or below,-999.0,64.0,0,6,94,100,1439.07,low
141,2026-07-21T01:01:53Z,KDEN,2026-07-21,KXLOWTDEN-26JUL20-B71.5,71° to 72°,71.0,72.0,0,1,99,100,879.18,low
142,2026-07-21T01:01:53Z,KDEN,2026-07-21,KXLOWTDEN-26JUL20-B69.5,69° to 70°,69.0,70.0,0,1,99,100,1111.01,low
143,2026-07-21T01:01:53Z,KDEN,2026-07-21,KXLOWTDEN-26JUL20-B67.5,67° to 68°,67.0,68.0,93,97,3,7,1254.35,low
144,2026-07-21T01:01:53Z,KDEN,2026-07-21,KXLOWTDEN-26JUL20-B65.5,65° to 66°,65.0,66.0,0,6,94,100,1947.62,low
97,2026-07-21T01:01:53Z,KDFW,2026-07-21,KXHIGHTDAL-26JUL21-T108,109° or above,109.0,999.0,1,2,98,99,1002.05,high
98,2026-07-21T01:01:53Z,KDFW,2026-07-21,KXHIGHTDAL-26JUL21-T101,100° or below,-999.0,100.0,2,3,97,98,309.89,high
99,2026-07-21T01:01:53Z,KDFW,2026-07-21,KXHIGHTDAL-26JUL21-B107.5,107° to 108°,107.0,108.0,7,8,92,93,586.35,high
100,2026-07-21T01:01:53Z,KDFW,2026-07-21,KXHIGHTDAL-26JUL21-B105.5,105° to 106°,105.0,106.0,26,27,73,74,468.54,high
101,2026-07-21T01:01:53Z,KDFW,2026-07-21,KXHIGHTDAL-26JUL21-B103.5,103° to 104°,103.0,104.0,54,55,45,46,1897.58,high
102,2026-07-21T01:01:53Z,KDFW,2026-07-21,KXHIGHTDAL-26JUL21-B101.5,101° to 102°,101.0,102.0,9,10,90,91,1669.82,high
103,2026-07-21T01:01:53Z,KDFW,2026-07-21,KXHIGHTDAL-26JUL20-T99,98° or below,-999.0,98.0,0,1,99,100,16355.3,high
104,2026-07-21T01:01:53Z,KDFW,2026-07-21,KXHIGHTDAL-26JUL20-T106,107° or above,107.0,999.0,0,1,99,100,2534.15,high
105,2026-07-21T01:01:53Z,KDFW,2026-07-21,KXHIGHTDAL-26JUL20-B99.5,99° to 100°,99.0,100.0,99,100,0,1,22816.09,high
106,2026-07-21T01:01:53Z,KDFW,2026-07-21,KXHIGHTDAL-26JUL20-B105.5,105° to 106°,105.0,106.0,0,1,99,100,2107.54,high
107,2026-07-21T01:01:53Z,KDFW,2026-07-21,KXHIGHTDAL-26JUL20-B103.5,103° to 104°,103.0,104.0,0,1,99,100,11189.18,high
108,2026-07-21T01:01:53Z,KDFW,2026-07-21,KXHIGHTDAL-26JUL20-B101.5,101° to 102°,101.0,102.0,0,1,99,100,21919.51,high
109,2026-07-21T01:01:53Z,KDFW,2026-07-21,KXLOWTDAL-26JUL21-T81,82° or above,82.0,999.0,10,13,87,90,709.41,low
110,2026-07-21T01:01:53Z,KDFW,2026-07-21,KXLOWTDAL-26JUL21-T74,73° or below,-999.0,73.0,1,5,95,99,35.0,low
111,2026-07-21T01:01:53Z,KDFW,2026-07-21,KXLOWTDAL-26JUL21-B80.5,80° to 81°,80.0,81.0,47,55,45,53,1022.77,low
112,2026-07-21T01:01:53Z,KDFW,2026-07-21,KXLOWTDAL-26JUL21-B78.5,78° to 79°,78.0,79.0,20,29,71,80,844.18,low
113,2026-07-21T01:01:53Z,KDFW,2026-07-21,KXLOWTDAL-26JUL21-B76.5,76° to 77°,76.0,77.0,3,5,95,97,2.0,low
114,2026-07-21T01:01:53Z,KDFW,2026-07-21,KXLOWTDAL-26JUL21-B74.5,74° to 75°,74.0,75.0,2,7,93,98,59.0,low
115,2026-07-21T01:01:53Z,KDFW,2026-07-21,KXLOWTDAL-26JUL20-T80,81° or above,81.0,999.0,0,1,99,100,3673.38,low
116,2026-07-21T01:01:53Z,KDFW,2026-07-21,KXLOWTDAL-26JUL20-T73,72° or below,-999.0,72.0,0,1,99,100,49.0,low
117,2026-07-21T01:01:53Z,KDFW,2026-07-21,KXLOWTDAL-26JUL20-B79.5,79° to 80°,79.0,80.0,98,99,1,2,6440.67,low
118,2026-07-21T01:01:53Z,KDFW,2026-07-21,KXLOWTDAL-26JUL20-B77.5,77° to 78°,77.0,78.0,1,3,97,99,3167.89,low
119,2026-07-21T01:01:53Z,KDFW,2026-07-21,KXLOWTDAL-26JUL20-B75.5,75° to 76°,75.0,76.0,0,1,99,100,363.0,low
120,2026-07-21T01:01:53Z,KDFW,2026-07-21,KXLOWTDAL-26JUL20-B73.5,73° to 74°,73.0,74.0,0,1,99,100,195.0,low
145,2026-07-21T01:01:53Z,KIAH,2026-07-21,KXHIGHTHOU-26JUL21-T98,97° or below,-999.0,97.0,30,31,69,70,1523.54,high
146,2026-07-21T01:01:53Z,KIAH,2026-07-21,KXHIGHTHOU-26JUL21-T105,106° or above,106.0,999.0,0,1,99,100,110.0,high
147,2026-07-21T01:01:53Z,KIAH,2026-07-21,KXHIGHTHOU-26JUL21-B98.5,98° to 99°,98.0,99.0,39,40,60,61,699.29,high
148,2026-07-21T01:01:53Z,KIAH,2026-07-21,KXHIGHTHOU-26JUL21-B104.5,104° to 105°,104.0,105.0,0,1,99,100,238.02,high
149,2026-07-21T01:01:53Z,KIAH,2026-07-21,KXHIGHTHOU-26JUL21-B102.5,102° to 103°,102.0,103.0,5,6,94,95,50.21,high
150,2026-07-21T01:01:53Z,KIAH,2026-07-21,KXHIGHTHOU-26JUL21-B100.5,100° to 101°,100.0,101.0,25,26,74,75,253.46,high
151,2026-07-21T01:01:53Z,KIAH,2026-07-21,KXHIGHTHOU-26JUL20-T95,94° or below,-999.0,94.0,0,1,99,100,3551.98,high
152,2026-07-21T01:01:53Z,KIAH,2026-07-21,KXHIGHTHOU-26JUL20-T102,103° or above,103.0,999.0,0,1,99,100,403.76,high
153,2026-07-21T01:01:53Z,KIAH,2026-07-21,KXHIGHTHOU-26JUL20-B99.5,99° to 100°,99.0,100.0,0,1,99,100,5861.56,high
154,2026-07-21T01:01:53Z,KIAH,2026-07-21,KXHIGHTHOU-26JUL20-B97.5,97° to 98°,97.0,98.0,0,1,99,100,7484.81,high
155,2026-07-21T01:01:53Z,KIAH,2026-07-21,KXHIGHTHOU-26JUL20-B95.5,95° to 96°,95.0,96.0,99,100,0,1,13658.82,high
156,2026-07-21T01:01:53Z,KIAH,2026-07-21,KXHIGHTHOU-26JUL20-B101.5,101° to 102°,101.0,102.0,0,1,99,100,3107.46,high
157,2026-07-21T01:01:53Z,KIAH,2026-07-21,KXLOWTHOU-26JUL21-T77,78° or above,78.0,999.0,2,8,92,98,3.0,low
158,2026-07-21T01:01:53Z,KIAH,2026-07-21,KXLOWTHOU-26JUL21-T70,69° or below,-999.0,69.0,0,4,96,100,28.0,low
159,2026-07-21T01:01:53Z,KIAH,2026-07-21,KXLOWTHOU-26JUL21-B76.5,76° to 77°,76.0,77.0,61,66,34,39,1642.53,low
160,2026-07-21T01:01:53Z,KIAH,2026-07-21,KXLOWTHOU-26JUL21-B74.5,74° to 75°,74.0,75.0,20,26,74,80,254.17,low
161,2026-07-21T01:01:53Z,KIAH,2026-07-21,KXLOWTHOU-26JUL21-B72.5,72° to 73°,72.0,73.0,4,5,95,96,1.0,low
162,2026-07-21T01:01:53Z,KIAH,2026-07-21,KXLOWTHOU-26JUL21-B70.5,70° to 71°,70.0,71.0,1,4,96,99,28.0,low
163,2026-07-21T01:01:53Z,KIAH,2026-07-21,KXLOWTHOU-26JUL20-T77,78° or above,78.0,999.0,0,1,99,100,2264.02,low
164,2026-07-21T01:01:53Z,KIAH,2026-07-21,KXLOWTHOU-26JUL20-T70,69° or below,-999.0,69.0,0,1,99,100,200.06,low
165,2026-07-21T01:01:53Z,KIAH,2026-07-21,KXLOWTHOU-26JUL20-B76.5,76° to 77°,76.0,77.0,97,98,2,3,3608.08,low
166,2026-07-21T01:01:53Z,KIAH,2026-07-21,KXLOWTHOU-26JUL20-B74.5,74° to 75°,74.0,75.0,1,5,95,99,2179.2,low
167,2026-07-21T01:01:53Z,KIAH,2026-07-21,KXLOWTHOU-26JUL20-B72.5,72° to 73°,72.0,73.0,0,3,97,100,228.38,low
168,2026-07-21T01:01:53Z,KIAH,2026-07-21,KXLOWTHOU-26JUL20-B70.5,70° to 71°,70.0,71.0,0,1,99,100,234.05,low
169,2026-07-21T01:01:53Z,KLAS,2026-07-21,KXHIGHTLV-26JUL21-T109,110° or above,110.0,999.0,0,1,99,100,341.0,high
170,2026-07-21T01:01:53Z,KLAS,2026-07-21,KXHIGHTLV-26JUL21-T102,101° or below,-999.0,101.0,19,20,80,81,430.05,high
171,2026-07-21T01:01:53Z,KLAS,2026-07-21,KXHIGHTLV-26JUL21-B108.5,108° to 109°,108.0,109.0,2,3,97,98,36.96,high
172,2026-07-21T01:01:53Z,KLAS,2026-07-21,KXHIGHTLV-26JUL21-B106.5,106° to 107°,106.0,107.0,6,7,93,94,45.34,high
173,2026-07-21T01:01:53Z,KLAS,2026-07-21,KXHIGHTLV-26JUL21-B104.5,104° to 105°,104.0,105.0,39,40,60,61,427.76,high
174,2026-07-21T01:01:53Z,KLAS,2026-07-21,KXHIGHTLV-26JUL21-B102.5,102° to 103°,102.0,103.0,39,40,60,61,255.94,high
175,2026-07-21T01:01:53Z,KLAS,2026-07-21,KXHIGHTLV-26JUL20-T108,109° or above,109.0,999.0,0,1,99,100,4939.39,high
176,2026-07-21T01:01:53Z,KLAS,2026-07-21,KXHIGHTLV-26JUL20-T101,100° or below,-999.0,100.0,0,1,99,100,571.95,high
177,2026-07-21T01:01:53Z,KLAS,2026-07-21,KXHIGHTLV-26JUL20-B107.5,107° to 108°,107.0,108.0,99,100,0,1,7404.95,high
178,2026-07-21T01:01:53Z,KLAS,2026-07-21,KXHIGHTLV-26JUL20-B105.5,105° to 106°,105.0,106.0,0,1,99,100,7178.61,high
179,2026-07-21T01:01:53Z,KLAS,2026-07-21,KXHIGHTLV-26JUL20-B103.5,103° to 104°,103.0,104.0,0,1,99,100,8311.97,high
180,2026-07-21T01:01:53Z,KLAS,2026-07-21,KXHIGHTLV-26JUL20-B101.5,101° to 102°,101.0,102.0,0,1,99,100,2365.28,high
181,2026-07-21T01:01:53Z,KLAS,2026-07-21,KXLOWTLV-26JUL21-T86,87° or above,87.0,999.0,63,69,31,37,423.48,low
182,2026-07-21T01:01:53Z,KLAS,2026-07-21,KXLOWTLV-26JUL21-T79,78° or below,-999.0,78.0,1,4,96,99,0.0,low
183,2026-07-21T01:01:53Z,KLAS,2026-07-21,KXLOWTLV-26JUL21-B85.5,85° to 86°,85.0,86.0,23,31,69,77,419.16,low
184,2026-07-21T01:01:53Z,KLAS,2026-07-21,KXLOWTLV-26JUL21-B83.5,83° to 84°,83.0,84.0,1,4,96,99,20.18,low
185,2026-07-21T01:01:53Z,KLAS,2026-07-21,KXLOWTLV-26JUL21-B81.5,81° to 82°,81.0,82.0,1,5,95,99,0.0,low
186,2026-07-21T01:01:53Z,KLAS,2026-07-21,KXLOWTLV-26JUL21-B79.5,79° to 80°,79.0,80.0,1,4,96,99,0.0,low
187,2026-07-21T01:01:53Z,KLAS,2026-07-21,KXLOWTLV-26JUL20-T87,88° or above,88.0,999.0,95,98,2,5,2882.35,low
188,2026-07-21T01:01:53Z,KLAS,2026-07-21,KXLOWTLV-26JUL20-T80,79° or below,-999.0,79.0,0,1,99,100,75.99,low
189,2026-07-21T01:01:53Z,KLAS,2026-07-21,KXLOWTLV-26JUL20-B86.5,86° to 87°,86.0,87.0,1,3,97,99,2357.88,low
190,2026-07-21T01:01:53Z,KLAS,2026-07-21,KXLOWTLV-26JUL20-B84.5,84° to 85°,84.0,85.0,0,4,96,100,1208.34,low
191,2026-07-21T01:01:53Z,KLAS,2026-07-21,KXLOWTLV-26JUL20-B82.5,82° to 83°,82.0,83.0,0,1,99,100,40.99,low
192,2026-07-21T01:01:53Z,KLAS,2026-07-21,KXLOWTLV-26JUL20-B80.5,80° to 81°,80.0,81.0,0,1,99,100,70.0,low
193,2026-07-21T01:01:53Z,KLAX,2026-07-21,KXHIGHLAX-26JUL21-T80,81° or above,81.0,999.0,79,80,20,21,15051.6,high
194,2026-07-21T01:01:53Z,KLAX,2026-07-21,KXHIGHLAX-26JUL21-T73,72° or below,-999.0,72.0,0,1,99,100,1244.0,high
195,2026-07-21T01:01:53Z,KLAX,2026-07-21,KXHIGHLAX-26JUL21-B79.5,79° to 80°,79.0,80.0,15,16,84,85,6508.74,high
196,2026-07-21T01:01:53Z,KLAX,2026-07-21,KXHIGHLAX-26JUL21-B77.5,77° to 78°,77.0,78.0,6,7,93,94,6741.55,high
197,2026-07-21T01:01:53Z,KLAX,2026-07-21,KXHIGHLAX-26JUL21-B75.5,75° to 76°,75.0,76.0,1,2,98,99,4273.12,high
198,2026-07-21T01:01:53Z,KLAX,2026-07-21,KXHIGHLAX-26JUL21-B73.5,73° to 74°,73.0,74.0,0,1,99,100,2329.52,high
199,2026-07-21T01:01:53Z,KLAX,2026-07-21,KXHIGHLAX-26JUL20-T80,81° or above,81.0,999.0,99,100,0,1,223508.62,high
200,2026-07-21T01:01:53Z,KLAX,2026-07-21,KXHIGHLAX-26JUL20-T73,72° or below,-999.0,72.0,0,1,99,100,2812.05,high
201,2026-07-21T01:01:53Z,KLAX,2026-07-21,KXHIGHLAX-26JUL20-B79.5,79° to 80°,79.0,80.0,0,1,99,100,88418.39,high
202,2026-07-21T01:01:53Z,KLAX,2026-07-21,KXHIGHLAX-26JUL20-B77.5,77° to 78°,77.0,78.0,0,1,99,100,54374.51,high
203,2026-07-21T01:01:53Z,KLAX,2026-07-21,KXHIGHLAX-26JUL20-B75.5,75° to 76°,75.0,76.0,0,1,99,100,44054.97,high
204,2026-07-21T01:01:53Z,KLAX,2026-07-21,KXHIGHLAX-26JUL20-B73.5,73° to 74°,73.0,74.0,0,1,99,100,12968.99,high
205,2026-07-21T01:01:53Z,KLAX,2026-07-21,KXLOWTLAX-26JUL21-T69,70° or above,70.0,999.0,30,38,62,70,515.9,low
206,2026-07-21T01:01:53Z,KLAX,2026-07-21,KXLOWTLAX-26JUL21-T62,61° or below,-999.0,61.0,0,1,99,100,241.0,low
207,2026-07-21T01:01:53Z,KLAX,2026-07-21,KXLOWTLAX-26JUL21-B68.5,68° to 69°,68.0,69.0,57,58,42,43,570.98,low
208,2026-07-21T01:01:53Z,KLAX,2026-07-21,KXLOWTLAX-26JUL21-B66.5,66° to 67°,66.0,67.0,2,3,97,98,459.87,low
209,2026-07-21T01:01:53Z,KLAX,2026-07-21,KXLOWTLAX-26JUL21-B64.5,64° to 65°,64.0,65.0,3,4,96,97,160.0,low
210,2026-07-21T01:01:53Z,KLAX,2026-07-21,KXLOWTLAX-26JUL21-B62.5,62° to 63°,62.0,63.0,0,1,99,100,327.0,low
211,2026-07-21T01:01:53Z,KLAX,2026-07-21,KXLOWTLAX-26JUL20-T68,69° or above,69.0,999.0,0,1,99,100,2757.52,low
212,2026-07-21T01:01:53Z,KLAX,2026-07-21,KXLOWTLAX-26JUL20-T61,60° or below,-999.0,60.0,0,1,99,100,348.05,low
213,2026-07-21T01:01:53Z,KLAX,2026-07-21,KXLOWTLAX-26JUL20-B67.5,67° to 68°,67.0,68.0,96,98,2,4,2627.9,low
214,2026-07-21T01:01:53Z,KLAX,2026-07-21,KXLOWTLAX-26JUL20-B65.5,65° to 66°,65.0,66.0,0,7,93,100,810.99,low
215,2026-07-21T01:01:53Z,KLAX,2026-07-21,KXLOWTLAX-26JUL20-B63.5,63° to 64°,63.0,64.0,0,1,99,100,233.95,low
216,2026-07-21T01:01:53Z,KLAX,2026-07-21,KXLOWTLAX-26JUL20-B61.5,61° to 62°,61.0,62.0,0,1,99,100,431.05,low
73,2026-07-21T01:01:53Z,KMDW,2026-07-21,KXHIGHCHI-26JUL21-T91,92° or above,92.0,999.0,0,1,99,100,1771.87,high
74,2026-07-21T01:01:53Z,KMDW,2026-07-21,KXHIGHCHI-26JUL21-T84,83° or below,-999.0,83.0,26,27,73,74,1192.87,high
75,2026-07-21T01:01:53Z,KMDW,2026-07-21,KXHIGHCHI-26JUL21-B90.5,90° to 91°,90.0,91.0,3,4,96,97,152.81,high
76,2026-07-21T01:01:53Z,KMDW,2026-07-21,KXHIGHCHI-26JUL21-B88.5,88° to 89°,88.0,89.0,13,14,86,87,596.09,high
77,2026-07-21T01:01:53Z,KMDW,2026-07-21,KXHIGHCHI-26JUL21-B86.5,86° to 87°,86.0,87.0,26,28,72,74,390.85,high
78,2026-07-21T01:01:53Z,KMDW,2026-07-21,KXHIGHCHI-26JUL21-B84.5,84° to 85°,84.0,85.0,36,37,63,64,562.31,high
79,2026-07-21T01:01:53Z,KMDW,2026-07-21,KXHIGHCHI-26JUL20-T90,91° or above,91.0,999.0,0,1,99,100,3458.78,high
80,2026-07-21T01:01:53Z,KMDW,2026-07-21,KXHIGHCHI-26JUL20-T83,82° or below,-999.0,82.0,99,100,0,1,101480.61,high
81,2026-07-21T01:01:53Z,KMDW,2026-07-21,KXHIGHCHI-26JUL20-B89.5,89° to 90°,89.0,90.0,0,1,99,100,10527.58,high
82,2026-07-21T01:01:53Z,KMDW,2026-07-21,KXHIGHCHI-26JUL20-B87.5,87° to 88°,87.0,88.0,0,1,99,100,22848.14,high
83,2026-07-21T01:01:53Z,KMDW,2026-07-21,KXHIGHCHI-26JUL20-B85.5,85° to 86°,85.0,86.0,0,1,99,100,33055.09,high
84,2026-07-21T01:01:53Z,KMDW,2026-07-21,KXHIGHCHI-26JUL20-B83.5,83° to 84°,83.0,84.0,0,1,99,100,50850.86,high
85,2026-07-21T01:01:53Z,KMDW,2026-07-21,KXLOWTCHI-26JUL21-T71,72° or above,72.0,999.0,28,30,70,72,879.71,low
86,2026-07-21T01:01:53Z,KMDW,2026-07-21,KXLOWTCHI-26JUL21-T64,63° or below,-999.0,63.0,3,5,95,97,574.84,low
87,2026-07-21T01:01:53Z,KMDW,2026-07-21,KXLOWTCHI-26JUL21-B70.5,70° to 71°,70.0,71.0,23,26,74,77,204.31,low
88,2026-07-21T01:01:53Z,KMDW,2026-07-21,KXLOWTCHI-26JUL21-B68.5,68° to 69°,68.0,69.0,21,25,75,79,550.6,low
89,2026-07-21T01:01:53Z,KMDW,2026-07-21,KXLOWTCHI-26JUL21-B66.5,66° to 67°,66.0,67.0,11,14,86,89,1160.47,low
90,2026-07-21T01:01:53Z,KMDW,2026-07-21,KXLOWTCHI-26JUL21-B64.5,64° to 65°,64.0,65.0,6,11,89,94,339.66,low
91,2026-07-21T01:01:53Z,KMDW,2026-07-21,KXLOWTCHI-26JUL20-T67,68° or above,68.0,999.0,0,1,99,100,16350.77,low
92,2026-07-21T01:01:53Z,KMDW,2026-07-21,KXLOWTCHI-26JUL20-T60,59° or below,-999.0,59.0,0,1,99,100,517.16,low
93,2026-07-21T01:01:53Z,KMDW,2026-07-21,KXLOWTCHI-26JUL20-B66.5,66° to 67°,66.0,67.0,94,98,2,6,8914.98,low
94,2026-07-21T01:01:53Z,KMDW,2026-07-21,KXLOWTCHI-26JUL20-B64.5,64° to 65°,64.0,65.0,0,5,95,100,5034.99,low
95,2026-07-21T01:01:53Z,KMDW,2026-07-21,KXLOWTCHI-26JUL20-B62.5,62° to 63°,62.0,63.0,0,5,95,100,1556.31,low
96,2026-07-21T01:01:53Z,KMDW,2026-07-21,KXLOWTCHI-26JUL20-B60.5,60° to 61°,60.0,61.0,0,5,95,100,1275.5,low
217,2026-07-21T01:01:53Z,KMIA,2026-07-21,KXHIGHMIA-26JUL21-T96,97° or above,97.0,999.0,1,2,98,99,830.6,high
218,2026-07-21T01:01:53Z,KMIA,2026-07-21,KXHIGHMIA-26JUL21-T89,88° or below,-999.0,88.0,0,1,99,100,578.0,high
219,2026-07-21T01:01:53Z,KMIA,2026-07-21,KXHIGHMIA-26JUL21-B95.5,95° to 96°,95.0,96.0,7,8,92,93,1421.94,high
220,2026-07-21T01:01:53Z,KMIA,2026-07-21,KXHIGHMIA-26JUL21-B93.5,93° to 94°,93.0,94.0,46,47,53,54,1454.81,high
221,2026-07-21T01:01:53Z,KMIA,2026-07-21,KXHIGHMIA-26JUL21-B91.5,91° to 92°,91.0,92.0,41,42,58,59,1279.18,high
222,2026-07-21T01:01:53Z,KMIA,2026-07-21,KXHIGHMIA-26JUL21-B89.5,89° to 90°,89.0,90.0,2,3,97,98,1150.1,high
223,2026-07-21T01:01:53Z,KMIA,2026-07-21,KXHIGHMIA-26JUL20-T96,97° or above,97.0,999.0,0,1,99,100,4109.04,high
224,2026-07-21T01:01:53Z,KMIA,2026-07-21,KXHIGHMIA-26JUL20-T89,88° or below,-999.0,88.0,0,1,99,100,8654.98,high
225,2026-07-21T01:01:53Z,KMIA,2026-07-21,KXHIGHMIA-26JUL20-B95.5,95° to 96°,95.0,96.0,0,1,99,100,18778.42,high
226,2026-07-21T01:01:53Z,KMIA,2026-07-21,KXHIGHMIA-26JUL20-B93.5,93° to 94°,93.0,94.0,99,100,0,1,23601.51,high
227,2026-07-21T01:01:53Z,KMIA,2026-07-21,KXHIGHMIA-26JUL20-B91.5,91° to 92°,91.0,92.0,0,1,99,100,56974.0,high
228,2026-07-21T01:01:53Z,KMIA,2026-07-21,KXHIGHMIA-26JUL20-B89.5,89° to 90°,89.0,90.0,0,1,99,100,20964.9,high
229,2026-07-21T01:01:53Z,KMIA,2026-07-21,KXLOWTMIA-26JUL21-T83,84° or above,84.0,999.0,4,6,94,96,258.99,low
230,2026-07-21T01:01:53Z,KMIA,2026-07-21,KXLOWTMIA-26JUL21-T76,75° or below,-999.0,75.0,2,3,97,98,66.99,low
231,2026-07-21T01:01:53Z,KMIA,2026-07-21,KXLOWTMIA-26JUL21-B82.5,82° to 83°,82.0,83.0,58,59,41,42,344.34,low
232,2026-07-21T01:01:53Z,KMIA,2026-07-21,KXLOWTMIA-26JUL21-B80.5,80° to 81°,80.0,81.0,31,32,68,69,300.18,low
233,2026-07-21T01:01:53Z,KMIA,2026-07-21,KXLOWTMIA-26JUL21-B78.5,78° to 79°,78.0,79.0,6,8,92,94,117.26,low
234,2026-07-21T01:01:53Z,KMIA,2026-07-21,KXLOWTMIA-26JUL21-B76.5,76° to 77°,76.0,77.0,3,5,95,97,4.99,low
235,2026-07-21T01:01:53Z,KMIA,2026-07-21,KXLOWTMIA-26JUL20-T83,84° or above,84.0,999.0,0,1,99,100,2217.18,low
236,2026-07-21T01:01:53Z,KMIA,2026-07-21,KXLOWTMIA-26JUL20-T76,75° or below,-999.0,75.0,0,1,99,100,517.0,low
237,2026-07-21T01:01:53Z,KMIA,2026-07-21,KXLOWTMIA-26JUL20-B82.5,82° to 83°,82.0,83.0,87,89,11,13,3998.98,low
238,2026-07-21T01:01:53Z,KMIA,2026-07-21,KXLOWTMIA-26JUL20-B80.5,80° to 81°,80.0,81.0,8,15,85,92,1886.43,low
239,2026-07-21T01:01:53Z,KMIA,2026-07-21,KXLOWTMIA-26JUL20-B78.5,78° to 79°,78.0,79.0,0,2,98,100,571.76,low
240,2026-07-21T01:01:53Z,KMIA,2026-07-21,KXLOWTMIA-26JUL20-B76.5,76° to 77°,76.0,77.0,0,1,99,100,376.61,low
241,2026-07-21T01:01:53Z,KMSP,2026-07-21,KXHIGHTMIN-26JUL21-T87,88° or above,88.0,999.0,0,2,98,100,287.0,high
242,2026-07-21T01:01:53Z,KMSP,2026-07-21,KXHIGHTMIN-26JUL21-T80,79° or below,-999.0,79.0,49,50,50,51,873.24,high
243,2026-07-21T01:01:53Z,KMSP,2026-07-21,KXHIGHTMIN-26JUL21-B86.5,86° to 87°,86.0,87.0,1,2,98,99,117.0,high
244,2026-07-21T01:01:53Z,KMSP,2026-07-21,KXHIGHTMIN-26JUL21-B84.5,84° to 85°,84.0,85.0,3,4,96,97,116.07,high
245,2026-07-21T01:01:53Z,KMSP,2026-07-21,KXHIGHTMIN-26JUL21-B82.5,82° to 83°,82.0,83.0,20,21,79,80,334.25,high
246,2026-07-21T01:01:53Z,KMSP,2026-07-21,KXHIGHTMIN-26JUL21-B80.5,80° to 81°,80.0,81.0,30,31,69,70,339.04,high
247,2026-07-21T01:01:53Z,KMSP,2026-07-21,KXHIGHTMIN-26JUL20-T97,98° or above,98.0,999.0,0,1,99,100,1987.01,high
248,2026-07-21T01:01:53Z,KMSP,2026-07-21,KXHIGHTMIN-26JUL20-T90,89° or below,-999.0,89.0,0,1,99,100,1768.56,high
249,2026-07-21T01:01:53Z,KMSP,2026-07-21,KXHIGHTMIN-26JUL20-B96.5,96° to 97°,96.0,97.0,0,1,99,100,2463.33,high
250,2026-07-21T01:01:53Z,KMSP,2026-07-21,KXHIGHTMIN-26JUL20-B94.5,94° to 95°,94.0,95.0,0,1,99,100,4413.87,high
251,2026-07-21T01:01:53Z,KMSP,2026-07-21,KXHIGHTMIN-26JUL20-B92.5,92° to 93°,92.0,93.0,99,100,0,1,7833.43,high
252,2026-07-21T01:01:53Z,KMSP,2026-07-21,KXHIGHTMIN-26JUL20-B90.5,90° to 91°,90.0,91.0,0,1,99,100,6450.62,high
253,2026-07-21T01:01:53Z,KMSP,2026-07-21,KXLOWTMIN-26JUL21-T70,71° or above,71.0,999.0,2,3,97,98,236.2,low
254,2026-07-21T01:01:53Z,KMSP,2026-07-21,KXLOWTMIN-26JUL21-T63,62° or below,-999.0,62.0,5,11,89,95,739.86,low
255,2026-07-21T01:01:53Z,KMSP,2026-07-21,KXLOWTMIN-26JUL21-B69.5,69° to 70°,69.0,70.0,15,19,81,85,1104.55,low
256,2026-07-21T01:01:53Z,KMSP,2026-07-21,KXLOWTMIN-26JUL21-B67.5,67° to 68°,67.0,68.0,26,33,67,74,388.0,low
257,2026-07-21T01:01:53Z,KMSP,2026-07-21,KXLOWTMIN-26JUL21-B65.5,65° to 66°,65.0,66.0,30,31,69,70,717.92,low
258,2026-07-21T01:01:53Z,KMSP,2026-07-21,KXLOWTMIN-26JUL21-B63.5,63° to 64°,63.0,64.0,17,22,78,83,673.05,low
259,2026-07-21T01:01:53Z,KMSP,2026-07-21,KXLOWTMIN-26JUL20-T73,74° or above,74.0,999.0,0,1,99,100,1027.25,low
260,2026-07-21T01:01:53Z,KMSP,2026-07-21,KXLOWTMIN-26JUL20-T66,65° or below,-999.0,65.0,0,1,99,100,262.56,low
261,2026-07-21T01:01:53Z,KMSP,2026-07-21,KXLOWTMIN-26JUL20-B72.5,72° to 73°,72.0,73.0,0,1,99,100,1632.97,low
262,2026-07-21T01:01:53Z,KMSP,2026-07-21,KXLOWTMIN-26JUL20-B70.5,70° to 71°,70.0,71.0,95,98,2,5,6312.02,low
263,2026-07-21T01:01:53Z,KMSP,2026-07-21,KXLOWTMIN-26JUL20-B68.5,68° to 69°,68.0,69.0,2,6,94,98,5119.55,low
264,2026-07-21T01:01:53Z,KMSP,2026-07-21,KXLOWTMIN-26JUL20-B66.5,66° to 67°,66.0,67.0,0,4,96,100,623.09,low
265,2026-07-21T01:01:53Z,KMSY,2026-07-21,KXHIGHTNOLA-26JUL21-T94,93° or below,-999.0,93.0,16,17,83,84,367.14,high
266,2026-07-21T01:01:53Z,KMSY,2026-07-21,KXHIGHTNOLA-26JUL21-T101,102° or above,102.0,999.0,0,1,99,100,201.0,high
267,2026-07-21T01:01:53Z,KMSY,2026-07-21,KXHIGHTNOLA-26JUL21-B98.5,98° to 99°,98.0,99.0,9,10,90,91,87.02,high
268,2026-07-21T01:01:53Z,KMSY,2026-07-21,KXHIGHTNOLA-26JUL21-B96.5,96° to 97°,96.0,97.0,29,34,66,71,154.11,high
269,2026-07-21T01:01:53Z,KMSY,2026-07-21,KXHIGHTNOLA-26JUL21-B94.5,94° to 95°,94.0,95.0,43,44,56,57,249.15,high
270,2026-07-21T01:01:53Z,KMSY,2026-07-21,KXHIGHTNOLA-26JUL21-B100.5,100° to 101°,100.0,101.0,1,4,96,99,17.04,high
271,2026-07-21T01:01:53Z,KMSY,2026-07-21,KXHIGHTNOLA-26JUL20-T95,94° or below,-999.0,94.0,0,1,99,100,7312.03,high
272,2026-07-21T01:01:53Z,KMSY,2026-07-21,KXHIGHTNOLA-26JUL20-T102,103° or above,103.0,999.0,0,1,99,100,2184.57,high
273,2026-07-21T01:01:53Z,KMSY,2026-07-21,KXHIGHTNOLA-26JUL20-B99.5,99° to 100°,99.0,100.0,0,1,99,100,4479.05,high
274,2026-07-21T01:01:53Z,KMSY,2026-07-21,KXHIGHTNOLA-26JUL20-B97.5,97° to 98°,97.0,98.0,0,1,99,100,3363.56,high
275,2026-07-21T01:01:53Z,KMSY,2026-07-21,KXHIGHTNOLA-26JUL20-B95.5,95° to 96°,95.0,96.0,99,100,0,1,6988.14,high
276,2026-07-21T01:01:53Z,KMSY,2026-07-21,KXHIGHTNOLA-26JUL20-B101.5,101° to 102°,101.0,102.0,0,1,99,100,783.13,high
277,2026-07-21T01:01:53Z,KMSY,2026-07-21,KXLOWTNOLA-26JUL21-T82,83° or above,83.0,999.0,4,5,95,96,22.0,low
278,2026-07-21T01:01:53Z,KMSY,2026-07-21,KXLOWTNOLA-26JUL21-T75,74° or below,-999.0,74.0,2,4,96,98,2.0,low
279,2026-07-21T01:01:53Z,KMSY,2026-07-21,KXLOWTNOLA-26JUL21-B81.5,81° to 82°,81.0,82.0,17,25,75,83,47.0,low
280,2026-07-21T01:01:53Z,KMSY,2026-07-21,KXLOWTNOLA-26JUL21-B79.5,79° to 80°,79.0,80.0,41,46,54,59,146.2,low
281,2026-07-21T01:01:53Z,KMSY,2026-07-21,KXLOWTNOLA-26JUL21-B77.5,77° to 78°,77.0,78.0,23,32,68,77,121.0,low
282,2026-07-21T01:01:53Z,KMSY,2026-07-21,KXLOWTNOLA-26JUL21-B75.5,75° to 76°,75.0,76.0,2,5,95,98,0.0,low
283,2026-07-21T01:01:53Z,KMSY,2026-07-21,KXLOWTNOLA-26JUL20-T81,82° or above,82.0,999.0,0,1,99,100,7942.3,low
284,2026-07-21T01:01:53Z,KMSY,2026-07-21,KXLOWTNOLA-26JUL20-T74,73° or below,-999.0,73.0,0,1,99,100,991.0,low
285,2026-07-21T01:01:53Z,KMSY,2026-07-21,KXLOWTNOLA-26JUL20-B80.5,80° to 81°,80.0,81.0,0,1,99,100,920.49,low
286,2026-07-21T01:01:53Z,KMSY,2026-07-21,KXLOWTNOLA-26JUL20-B78.5,78° to 79°,78.0,79.0,93,94,6,7,2614.43,low
287,2026-07-21T01:01:53Z,KMSY,2026-07-21,KXLOWTNOLA-26JUL20-B76.5,76° to 77°,76.0,77.0,0,6,94,100,1173.53,low
288,2026-07-21T01:01:53Z,KMSY,2026-07-21,KXLOWTNOLA-26JUL20-B74.5,74° to 75°,74.0,75.0,0,4,96,100,322.99,low
289,2026-07-21T01:01:53Z,KNYC,2026-07-21,KXHIGHNY-26JUL21-T86,87° or above,87.0,999.0,0,1,99,100,3818.98,high
290,2026-07-21T01:01:53Z,KNYC,2026-07-21,KXHIGHNY-26JUL21-T79,78° or below,-999.0,78.0,55,58,42,45,6911.93,high
291,2026-07-21T01:01:53Z,KNYC,2026-07-21,KXHIGHNY-26JUL21-B85.5,85° to 86°,85.0,86.0,0,1,99,100,3169.98,high
292,2026-07-21T01:01:53Z,KNYC,2026-07-21,KXHIGHNY-26JUL21-B83.5,83° to 84°,83.0,84.0,1,2,98,99,1138.21,high
293,2026-07-21T01:01:53Z,KNYC,2026-07-21,KXHIGHNY-26JUL21-B81.5,81° to 82°,81.0,82.0,13,14,86,87,2923.94,high
294,2026-07-21T01:01:53Z,KNYC,2026-07-21,KXHIGHNY-26JUL21-B79.5,79° to 80°,79.0,80.0,29,32,68,71,3738.06,high
295,2026-07-21T01:01:53Z,KNYC,2026-07-21,KXHIGHNY-26JUL20-T84,85° or above,85.0,999.0,0,1,99,100,11356.14,high
296,2026-07-21T01:01:53Z,KNYC,2026-07-21,KXHIGHNY-26JUL20-T77,76° or below,-999.0,76.0,0,1,99,100,9703.85,high
297,2026-07-21T01:01:53Z,KNYC,2026-07-21,KXHIGHNY-26JUL20-B83.5,83° to 84°,83.0,84.0,0,1,99,100,48839.79,high
298,2026-07-21T01:01:53Z,KNYC,2026-07-21,KXHIGHNY-26JUL20-B81.5,81° to 82°,81.0,82.0,99,100,0,1,76745.66,high
299,2026-07-21T01:01:53Z,KNYC,2026-07-21,KXHIGHNY-26JUL20-B79.5,79° to 80°,79.0,80.0,0,1,99,100,104230.08,high
300,2026-07-21T01:01:53Z,KNYC,2026-07-21,KXHIGHNY-26JUL20-B77.5,77° to 78°,77.0,78.0,0,1,99,100,31883.52,high
301,2026-07-21T01:01:53Z,KNYC,2026-07-21,KXLOWTNYC-26JUL21-T71,72° or above,72.0,999.0,5,8,92,95,579.0,low
302,2026-07-21T01:01:53Z,KNYC,2026-07-21,KXLOWTNYC-26JUL21-T64,63° or below,-999.0,63.0,3,4,96,97,596.0,low
303,2026-07-21T01:01:53Z,KNYC,2026-07-21,KXLOWTNYC-26JUL21-B70.5,70° to 71°,70.0,71.0,20,28,72,80,1187.04,low
304,2026-07-21T01:01:53Z,KNYC,2026-07-21,KXLOWTNYC-26JUL21-B68.5,68° to 69°,68.0,69.0,31,39,61,69,578.35,low
305,2026-07-21T01:01:53Z,KNYC,2026-07-21,KXLOWTNYC-26JUL21-B66.5,66° to 67°,66.0,67.0,14,15,85,86,440.22,low
306,2026-07-21T01:01:53Z,KNYC,2026-07-21,KXLOWTNYC-26JUL21-B64.5,64° to 65°,64.0,65.0,5,6,94,95,349.03,low
307,2026-07-21T01:01:53Z,KNYC,2026-07-21,KXLOWTNYC-26JUL20-T67,68° or above,68.0,999.0,0,1,99,100,6886.45,low
308,2026-07-21T01:01:53Z,KNYC,2026-07-21,KXLOWTNYC-26JUL20-T60,59° or below,-999.0,59.0,0,1,99,100,1643.05,low
309,2026-07-21T01:01:53Z,KNYC,2026-07-21,KXLOWTNYC-26JUL20-B66.5,66° to 67°,66.0,67.0,0,1,99,100,2940.99,low
310,2026-07-21T01:01:53Z,KNYC,2026-07-21,KXLOWTNYC-26JUL20-B64.5,64° to 65°,64.0,65.0,0,1,99,100,4287.19,low
311,2026-07-21T01:01:53Z,KNYC,2026-07-21,KXLOWTNYC-26JUL20-B62.5,62° to 63°,62.0,63.0,99,100,0,1,6662.88,low
312,2026-07-21T01:01:53Z,KNYC,2026-07-21,KXLOWTNYC-26JUL20-B60.5,60° to 61°,60.0,61.0,0,1,99,100,2203.71,low
313,2026-07-21T01:01:53Z,KOKC,2026-07-21,KXHIGHTOKC-26JUL21-T108,109° or above,109.0,999.0,1,2,98,99,286.04,high
314,2026-07-21T01:01:53Z,KOKC,2026-07-21,KXHIGHTOKC-26JUL21-T101,100° or below,-999.0,100.0,8,10,90,92,501.44,high
315,2026-07-21T01:01:53Z,KOKC,2026-07-21,KXHIGHTOKC-26JUL21-B107.5,107° to 108°,107.0,108.0,5,6,94,95,387.75,high
316,2026-07-21T01:01:53Z,KOKC,2026-07-21,KXHIGHTOKC-26JUL21-B105.5,105° to 106°,105.0,106.0,15,16,84,85,574.41,high
317,2026-07-21T01:01:53Z,KOKC,2026-07-21,KXHIGHTOKC-26JUL21-B103.5,103° to 104°,103.0,104.0,45,46,54,55,65.35,high
318,2026-07-21T01:01:53Z,KOKC,2026-07-21,KXHIGHTOKC-26JUL21-B101.5,101° to 102°,101.0,102.0,18,19,81,82,863.92,high
319,2026-07-21T01:01:53Z,KOKC,2026-07-21,KXHIGHTOKC-26JUL20-T96,95° or below,-999.0,95.0,0,1,99,100,1020.84,high
320,2026-07-21T01:01:53Z,KOKC,2026-07-21,KXHIGHTOKC-26JUL20-T103,104° or above,104.0,999.0,0,1,99,100,499.52,high
321,2026-07-21T01:01:53Z,KOKC,2026-07-21,KXHIGHTOKC-26JUL20-B98.5,98° to 99°,98.0,99.0,99,100,0,1,3971.92,high
322,2026-07-21T01:01:53Z,KOKC,2026-07-21,KXHIGHTOKC-26JUL20-B96.5,96° to 97°,96.0,97.0,0,1,99,100,4639.14,high
323,2026-07-21T01:01:53Z,KOKC,2026-07-21,KXHIGHTOKC-26JUL20-B102.5,102° to 103°,102.0,103.0,0,1,99,100,1822.03,high
324,2026-07-21T01:01:53Z,KOKC,2026-07-21,KXHIGHTOKC-26JUL20-B100.5,100° to 101°,100.0,101.0,0,1,99,100,4594.14,high
325,2026-07-21T01:01:53Z,KOKC,2026-07-21,KXLOWTOKC-26JUL21-T78,79° or above,79.0,999.0,3,4,96,97,173.93,low
326,2026-07-21T01:01:53Z,KOKC,2026-07-21,KXLOWTOKC-26JUL21-T71,70° or below,-999.0,70.0,2,4,96,98,42.2,low
327,2026-07-21T01:01:53Z,KOKC,2026-07-21,KXLOWTOKC-26JUL21-B77.5,77° to 78°,77.0,78.0,20,21,79,80,724.87,low
328,2026-07-21T01:01:53Z,KOKC,2026-07-21,KXLOWTOKC-26JUL21-B75.5,75° to 76°,75.0,76.0,23,26,74,77,1156.62,low
329,2026-07-21T01:01:53Z,KOKC,2026-07-21,KXLOWTOKC-26JUL21-B73.5,73° to 74°,73.0,74.0,33,34,66,67,765.0,low
330,2026-07-21T01:01:53Z,KOKC,2026-07-21,KXLOWTOKC-26JUL21-B71.5,71° to 72°,71.0,72.0,7,8,92,93,338.2,low
331,2026-07-21T01:01:53Z,KOKC,2026-07-21,KXLOWTOKC-26JUL20-T76,77° or above,77.0,999.0,0,1,99,100,904.14,low
332,2026-07-21T01:01:53Z,KOKC,2026-07-21,KXLOWTOKC-26JUL20-T69,68° or below,-999.0,68.0,0,1,99,100,349.94,low
333,2026-07-21T01:01:53Z,KOKC,2026-07-21,KXLOWTOKC-26JUL20-B75.5,75° to 76°,75.0,76.0,0,1,99,100,1175.89,low
334,2026-07-21T01:01:53Z,KOKC,2026-07-21,KXLOWTOKC-26JUL20-B73.5,73° to 74°,73.0,74.0,0,1,99,100,1843.32,low
335,2026-07-21T01:01:53Z,KOKC,2026-07-21,KXLOWTOKC-26JUL20-B71.5,71° to 72°,71.0,72.0,98,99,1,2,2632.27,low
336,2026-07-21T01:01:53Z,KOKC,2026-07-21,KXLOWTOKC-26JUL20-B69.5,69° to 70°,69.0,70.0,0,5,95,100,1465.56,low
337,2026-07-21T01:01:53Z,KPHL,2026-07-21,KXHIGHPHIL-26JUL21-T88,89° or above,89.0,999.0,9,12,88,91,701.17,high
338,2026-07-21T01:01:53Z,KPHL,2026-07-21,KXHIGHPHIL-26JUL21-T81,80° or below,-999.0,80.0,2,4,96,98,26.01,high
339,2026-07-21T01:01:53Z,KPHL,2026-07-21,KXHIGHPHIL-26JUL21-B87.5,87° to 88°,87.0,88.0,26,27,73,74,265.17,high
340,2026-07-21T01:01:53Z,KPHL,2026-07-21,KXHIGHPHIL-26JUL21-B85.5,85° to 86°,85.0,86.0,38,39,61,62,205.3,high
341,2026-07-21T01:01:53Z,KPHL,2026-07-21,KXHIGHPHIL-26JUL21-B83.5,83° to 84°,83.0,84.0,17,18,82,83,112.18,high
342,2026-07-21T01:01:53Z,KPHL,2026-07-21,KXHIGHPHIL-26JUL21-B81.5,81° to 82°,81.0,82.0,3,4,96,97,89.43,high
343,2026-07-21T01:01:53Z,KPHL,2026-07-21,KXHIGHPHIL-26JUL20-T89,90° or above,90.0,999.0,0,1,99,100,783.7,high
344,2026-07-21T01:01:53Z,KPHL,2026-07-21,KXHIGHPHIL-26JUL20-T82,81° or below,-999.0,81.0,0,1,99,100,2161.4,high
345,2026-07-21T01:01:53Z,KPHL,2026-07-21,KXHIGHPHIL-26JUL20-B88.5,88° to 89°,88.0,89.0,0,1,99,100,3023.45,high
346,2026-07-21T01:01:53Z,KPHL,2026-07-21,KXHIGHPHIL-26JUL20-B86.5,86° to 87°,86.0,87.0,0,1,99,100,10985.32,high
347,2026-07-21T01:01:53Z,KPHL,2026-07-21,KXHIGHPHIL-26JUL20-B84.5,84° to 85°,84.0,85.0,99,100,0,1,10396.86,high
348,2026-07-21T01:01:53Z,KPHL,2026-07-21,KXHIGHPHIL-26JUL20-B82.5,82° to 83°,82.0,83.0,0,1,99,100,7728.68,high
349,2026-07-21T01:01:53Z,KPHL,2026-07-21,KXLOWTPHIL-26JUL21-T72,73° or above,73.0,999.0,68,70,30,32,1018.59,low
350,2026-07-21T01:01:53Z,KPHL,2026-07-21,KXLOWTPHIL-26JUL21-T65,64° or below,-999.0,64.0,0,1,99,100,194.0,low
351,2026-07-21T01:01:53Z,KPHL,2026-07-21,KXLOWTPHIL-26JUL21-B71.5,71° to 72°,71.0,72.0,28,33,67,72,341.54,low
352,2026-07-21T01:01:53Z,KPHL,2026-07-21,KXLOWTPHIL-26JUL21-B69.5,69° to 70°,69.0,70.0,3,5,95,97,206.0,low
353,2026-07-21T01:01:53Z,KPHL,2026-07-21,KXLOWTPHIL-26JUL21-B67.5,67° to 68°,67.0,68.0,0,6,94,100,269.0,low
354,2026-07-21T01:01:53Z,KPHL,2026-07-21,KXLOWTPHIL-26JUL21-B65.5,65° to 66°,65.0,66.0,0,5,95,100,61.0,low
355,2026-07-21T01:01:53Z,KPHL,2026-07-21,KXLOWTPHIL-26JUL20-T68,69° or above,69.0,999.0,0,1,99,100,1976.72,low
356,2026-07-21T01:01:53Z,KPHL,2026-07-21,KXLOWTPHIL-26JUL20-T61,60° or below,-999.0,60.0,0,1,99,100,740.56,low
357,2026-07-21T01:01:53Z,KPHL,2026-07-21,KXLOWTPHIL-26JUL20-B67.5,67° to 68°,67.0,68.0,0,1,99,100,2455.17,low
358,2026-07-21T01:01:53Z,KPHL,2026-07-21,KXLOWTPHIL-26JUL20-B65.5,65° to 66°,65.0,66.0,99,100,0,1,3087.49,low
359,2026-07-21T01:01:53Z,KPHL,2026-07-21,KXLOWTPHIL-26JUL20-B63.5,63° to 64°,63.0,64.0,0,1,99,100,2480.26,low
360,2026-07-21T01:01:53Z,KPHL,2026-07-21,KXLOWTPHIL-26JUL20-B61.5,61° to 62°,61.0,62.0,0,1,99,100,2873.43,low
361,2026-07-21T01:01:53Z,KPHX,2026-07-21,KXHIGHTPHX-26JUL21-T107,108° or above,108.0,999.0,1,2,98,99,333.81,high
362,2026-07-21T01:01:53Z,KPHX,2026-07-21,KXHIGHTPHX-26JUL21-T100,99° or below,-999.0,99.0,10,13,87,90,716.54,high
363,2026-07-21T01:01:53Z,KPHX,2026-07-21,KXHIGHTPHX-26JUL21-B106.5,106° to 107°,106.0,107.0,3,4,96,97,566.84,high
364,2026-07-21T01:01:53Z,KPHX,2026-07-21,KXHIGHTPHX-26JUL21-B104.5,104° to 105°,104.0,105.0,15,16,84,85,593.59,high
365,2026-07-21T01:01:53Z,KPHX,2026-07-21,KXHIGHTPHX-26JUL21-B102.5,102° to 103°,102.0,103.0,36,37,63,64,258.76,high
366,2026-07-21T01:01:53Z,KPHX,2026-07-21,KXHIGHTPHX-26JUL21-B100.5,100° to 101°,100.0,101.0,33,34,66,67,350.45,high
367,2026-07-21T01:01:53Z,KPHX,2026-07-21,KXHIGHTPHX-26JUL20-T107,108° or above,108.0,999.0,0,1,99,100,14062.56,high
368,2026-07-21T01:01:53Z,KPHX,2026-07-21,KXHIGHTPHX-26JUL20-T100,99° or below,-999.0,99.0,0,1,99,100,2120.03,high
369,2026-07-21T01:01:53Z,KPHX,2026-07-21,KXHIGHTPHX-26JUL20-B106.5,106° to 107°,106.0,107.0,99,100,0,1,12720.12,high
370,2026-07-21T01:01:53Z,KPHX,2026-07-21,KXHIGHTPHX-26JUL20-B104.5,104° to 105°,104.0,105.0,0,1,99,100,14430.23,high
371,2026-07-21T01:01:53Z,KPHX,2026-07-21,KXHIGHTPHX-26JUL20-B102.5,102° to 103°,102.0,103.0,0,1,99,100,15364.82,high
372,2026-07-21T01:01:53Z,KPHX,2026-07-21,KXHIGHTPHX-26JUL20-B100.5,100° to 101°,100.0,101.0,0,1,99,100,3009.08,high
373,2026-07-21T01:01:53Z,KPHX,2026-07-21,KXLOWTPHX-26JUL21-T87,88° or above,88.0,999.0,7,10,90,93,198.12,low
374,2026-07-21T01:01:53Z,KPHX,2026-07-21,KXLOWTPHX-26JUL21-T80,79° or below,-999.0,79.0,9,10,90,91,204.25,low
375,2026-07-21T01:01:53Z,KPHX,2026-07-21,KXLOWTPHX-26JUL21-B86.5,86° to 87°,86.0,87.0,12,17,83,88,152.86,low
376,2026-07-21T01:01:53Z,KPHX,2026-07-21,KXLOWTPHX-26JUL21-B84.5,84° to 85°,84.0,85.0,32,35,65,68,15.06,low
377,2026-07-21T01:01:53Z,KPHX,2026-07-21,KXLOWTPHX-26JUL21-B82.5,82° to 83°,82.0,83.0,23,31,69,77,1241.86,low
378,2026-07-21T01:01:53Z,KPHX,2026-07-21,KXLOWTPHX-26JUL21-B80.5,80° to 81°,80.0,81.0,16,17,83,84,610.28,low
379,2026-07-21T01:01:53Z,KPHX,2026-07-21,KXLOWTPHX-26JUL20-T86,87° or above,87.0,999.0,50,54,46,50,8764.43,low
380,2026-07-21T01:01:53Z,KPHX,2026-07-21,KXLOWTPHX-26JUL20-T79,78° or below,-999.0,78.0,3,7,93,97,3376.42,low
381,2026-07-21T01:01:53Z,KPHX,2026-07-21,KXLOWTPHX-26JUL20-B85.5,85° to 86°,85.0,86.0,21,27,73,79,4177.01,low
382,2026-07-21T01:01:53Z,KPHX,2026-07-21,KXLOWTPHX-26JUL20-B83.5,83° to 84°,83.0,84.0,14,18,82,86,2457.89,low
383,2026-07-21T01:01:53Z,KPHX,2026-07-21,KXLOWTPHX-26JUL20-B81.5,81° to 82°,81.0,82.0,2,4,96,98,2050.43,low
384,2026-07-21T01:01:53Z,KPHX,2026-07-21,KXLOWTPHX-26JUL20-B79.5,79° to 80°,79.0,80.0,3,4,96,97,1616.67,low
385,2026-07-21T01:01:53Z,KSAT,2026-07-21,KXHIGHTSATX-26JUL21-T94,93° or below,-999.0,93.0,1,2,98,99,217.42,high
386,2026-07-21T01:01:53Z,KSAT,2026-07-21,KXHIGHTSATX-26JUL21-T101,102° or above,102.0,999.0,5,6,94,95,181.45,high
387,2026-07-21T01:01:53Z,KSAT,2026-07-21,KXHIGHTSATX-26JUL21-B98.5,98° to 99°,98.0,99.0,49,51,49,51,799.05,high
388,2026-07-21T01:01:53Z,KSAT,2026-07-21,KXHIGHTSATX-26JUL21-B96.5,96° to 97°,96.0,97.0,11,13,87,89,326.03,high
389,2026-07-21T01:01:53Z,KSAT,2026-07-21,KXHIGHTSATX-26JUL21-B94.5,94° to 95°,94.0,95.0,1,3,97,99,80.3,high
390,2026-07-21T01:01:53Z,KSAT,2026-07-21,KXHIGHTSATX-26JUL21-B100.5,100° to 101°,100.0,101.0,35,36,64,65,955.39,high
391,2026-07-21T01:01:53Z,KSAT,2026-07-21,KXHIGHTSATX-26JUL20-T93,92° or below,-999.0,92.0,0,1,99,100,754.07,high
392,2026-07-21T01:01:53Z,KSAT,2026-07-21,KXHIGHTSATX-26JUL20-T100,101° or above,101.0,999.0,0,1,99,100,1446.28,high
393,2026-07-21T01:01:53Z,KSAT,2026-07-21,KXHIGHTSATX-26JUL20-B99.5,99° to 100°,99.0,100.0,0,1,99,100,7786.51,high
394,2026-07-21T01:01:53Z,KSAT,2026-07-21,KXHIGHTSATX-26JUL20-B97.5,97° to 98°,97.0,98.0,99,100,0,1,9335.07,high
395,2026-07-21T01:01:53Z,KSAT,2026-07-21,KXHIGHTSATX-26JUL20-B95.5,95° to 96°,95.0,96.0,0,1,99,100,13148.31,high
396,2026-07-21T01:01:53Z,KSAT,2026-07-21,KXHIGHTSATX-26JUL20-B93.5,93° to 94°,93.0,94.0,0,1,99,100,2322.64,high
397,2026-07-21T01:01:53Z,KSAT,2026-07-21,KXLOWTSATX-26JUL21-T73,74° or above,74.0,999.0,67,72,28,33,179.68,low
398,2026-07-21T01:01:53Z,KSAT,2026-07-21,KXLOWTSATX-26JUL21-T66,65° or below,-999.0,65.0,0,1,99,100,140.0,low
399,2026-07-21T01:01:53Z,KSAT,2026-07-21,KXLOWTSATX-26JUL21-B72.5,72° to 73°,72.0,73.0,23,27,73,77,330.28,low
400,2026-07-21T01:01:53Z,KSAT,2026-07-21,KXLOWTSATX-26JUL21-B70.5,70° to 71°,70.0,71.0,4,9,91,96,3.0,low
401,2026-07-21T01:01:53Z,KSAT,2026-07-21,KXLOWTSATX-26JUL21-B68.5,68° to 69°,68.0,69.0,1,4,96,99,28.0,low
402,2026-07-21T01:01:53Z,KSAT,2026-07-21,KXLOWTSATX-26JUL21-B66.5,66° to 67°,66.0,67.0,1,4,96,99,38.0,low
403,2026-07-21T01:01:53Z,KSAT,2026-07-21,KXLOWTSATX-26JUL20-T74,75° or above,75.0,999.0,0,1,99,100,6405.58,low
404,2026-07-21T01:01:53Z,KSAT,2026-07-21,KXLOWTSATX-26JUL20-T67,66° or below,-999.0,66.0,0,1,99,100,352.05,low
405,2026-07-21T01:01:53Z,KSAT,2026-07-21,KXLOWTSATX-26JUL20-B73.5,73° to 74°,73.0,74.0,94,95,5,6,3273.35,low
406,2026-07-21T01:01:53Z,KSAT,2026-07-21,KXLOWTSATX-26JUL20-B71.5,71° to 72°,71.0,72.0,0,6,94,100,616.85,low
407,2026-07-21T01:01:53Z,KSAT,2026-07-21,KXLOWTSATX-26JUL20-B69.5,69° to 70°,69.0,70.0,0,1,99,100,262.05,low
408,2026-07-21T01:01:53Z,KSAT,2026-07-21,KXLOWTSATX-26JUL20-B67.5,67° to 68°,67.0,68.0,0,1,99,100,194.0,low
433,2026-07-21T01:01:53Z,KSEA,2026-07-21,KXHIGHTSEA-26JUL21-T95,96° or above,96.0,999.0,2,3,97,98,776.75,high
434,2026-07-21T01:01:53Z,KSEA,2026-07-21,KXHIGHTSEA-26JUL21-T88,87° or below,-999.0,87.0,4,6,94,96,619.93,high
435,2026-07-21T01:01:53Z,KSEA,2026-07-21,KXHIGHTSEA-26JUL21-B94.5,94° to 95°,94.0,95.0,18,19,81,82,578.82,high
436,2026-07-21T01:01:53Z,KSEA,2026-07-21,KXHIGHTSEA-26JUL21-B92.5,92° to 93°,92.0,93.0,30,33,67,70,239.06,high
437,2026-07-21T01:01:53Z,KSEA,2026-07-21,KXHIGHTSEA-26JUL21-B90.5,90° to 91°,90.0,91.0,31,32,68,69,457.29,high
438,2026-07-21T01:01:53Z,KSEA,2026-07-21,KXHIGHTSEA-26JUL21-B88.5,88° to 89°,88.0,89.0,16,17,83,84,255.26,high
439,2026-07-21T01:01:53Z,KSEA,2026-07-21,KXHIGHTSEA-26JUL20-T88,89° or above,89.0,999.0,0,1,99,100,1310.45,high
440,2026-07-21T01:01:53Z,KSEA,2026-07-21,KXHIGHTSEA-26JUL20-T81,80° or below,-999.0,80.0,0,1,99,100,28491.9,high
441,2026-07-21T01:01:53Z,KSEA,2026-07-21,KXHIGHTSEA-26JUL20-B87.5,87° to 88°,87.0,88.0,0,1,99,100,3621.93,high
442,2026-07-21T01:01:53Z,KSEA,2026-07-21,KXHIGHTSEA-26JUL20-B85.5,85° to 86°,85.0,86.0,0,1,99,100,11711.8,high
443,2026-07-21T01:01:53Z,KSEA,2026-07-21,KXHIGHTSEA-26JUL20-B83.5,83° to 84°,83.0,84.0,24,26,74,76,19471.77,high
444,2026-07-21T01:01:53Z,KSEA,2026-07-21,KXHIGHTSEA-26JUL20-B81.5,81° to 82°,81.0,82.0,76,79,21,24,32325.84,high
445,2026-07-21T01:01:53Z,KSEA,2026-07-21,KXLOWTSEA-26JUL21-T63,64° or above,64.0,999.0,37,45,55,63,680.98,low
446,2026-07-21T01:01:53Z,KSEA,2026-07-21,KXLOWTSEA-26JUL21-T56,55° or below,-999.0,55.0,0,1,99,100,137.0,low
447,2026-07-21T01:01:53Z,KSEA,2026-07-21,KXLOWTSEA-26JUL21-B62.5,62° to 63°,62.0,63.0,34,35,65,66,505.32,low
448,2026-07-21T01:01:53Z,KSEA,2026-07-21,KXLOWTSEA-26JUL21-B60.5,60° to 61°,60.0,61.0,9,16,84,91,7.0,low
449,2026-07-21T01:01:53Z,KSEA,2026-07-21,KXLOWTSEA-26JUL21-B58.5,58° to 59°,58.0,59.0,5,7,93,95,131.0,low
450,2026-07-21T01:01:53Z,KSEA,2026-07-21,KXLOWTSEA-26JUL21-B56.5,56° to 57°,56.0,57.0,1,3,97,99,56.0,low
451,2026-07-21T01:01:53Z,KSEA,2026-07-21,KXLOWTSEA-26JUL20-T59,60° or above,60.0,999.0,98,99,1,2,3230.79,low
452,2026-07-21T01:01:53Z,KSEA,2026-07-21,KXLOWTSEA-26JUL20-T52,51° or below,-999.0,51.0,0,1,99,100,36.05,low
453,2026-07-21T01:01:53Z,KSEA,2026-07-21,KXLOWTSEA-26JUL20-B58.5,58° to 59°,58.0,59.0,0,4,96,100,1852.06,low
454,2026-07-21T01:01:53Z,KSEA,2026-07-21,KXLOWTSEA-26JUL20-B56.5,56° to 57°,56.0,57.0,0,1,99,100,508.94,low
455,2026-07-21T01:01:53Z,KSEA,2026-07-21,KXLOWTSEA-26JUL20-B54.5,54° to 55°,54.0,55.0,0,1,99,100,152.0,low
456,2026-07-21T01:01:53Z,KSEA,2026-07-21,KXLOWTSEA-26JUL20-B52.5,52° to 53°,52.0,53.0,0,1,99,100,180.0,low
409,2026-07-21T01:01:53Z,KSFO,2026-07-21,KXHIGHTSFO-26JUL21-T82,83° or above,83.0,999.0,27,28,72,73,1171.88,high
410,2026-07-21T01:01:53Z,KSFO,2026-07-21,KXHIGHTSFO-26JUL21-T75,74° or below,-999.0,74.0,14,17,83,86,2866.74,high
411,2026-07-21T01:01:53Z,KSFO,2026-07-21,KXHIGHTSFO-26JUL21-B81.5,81° to 82°,81.0,82.0,21,22,78,79,957.23,high
412,2026-07-21T01:01:53Z,KSFO,2026-07-21,KXHIGHTSFO-26JUL21-B79.5,79° to 80°,79.0,80.0,17,21,79,83,684.03,high
413,2026-07-21T01:01:53Z,KSFO,2026-07-21,KXHIGHTSFO-26JUL21-B77.5,77° to 78°,77.0,78.0,13,16,84,87,1007.58,high
414,2026-07-21T01:01:53Z,KSFO,2026-07-21,KXHIGHTSFO-26JUL21-B75.5,75° to 76°,75.0,76.0,6,8,92,94,873.64,high
415,2026-07-21T01:01:53Z,KSFO,2026-07-21,KXHIGHTSFO-26JUL20-T76,77° or above,77.0,999.0,0,1,99,100,2656.32,high
416,2026-07-21T01:01:53Z,KSFO,2026-07-21,KXHIGHTSFO-26JUL20-T69,68° or below,-999.0,68.0,0,1,99,100,60857.62,high
417,2026-07-21T01:01:53Z,KSFO,2026-07-21,KXHIGHTSFO-26JUL20-B75.5,75° to 76°,75.0,76.0,0,1,99,100,2862.38,high
418,2026-07-21T01:01:53Z,KSFO,2026-07-21,KXHIGHTSFO-26JUL20-B73.5,73° to 74°,73.0,74.0,0,1,99,100,10280.63,high
419,2026-07-21T01:01:53Z,KSFO,2026-07-21,KXHIGHTSFO-26JUL20-B71.5,71° to 72°,71.0,72.0,99,100,0,1,18461.63,high
420,2026-07-21T01:01:53Z,KSFO,2026-07-21,KXHIGHTSFO-26JUL20-B69.5,69° to 70°,69.0,70.0,0,1,99,100,30698.15,high
421,2026-07-21T01:01:53Z,KSFO,2026-07-21,KXLOWTSFO-26JUL21-T60,61° or above,61.0,999.0,16,22,78,84,387.41,low
422,2026-07-21T01:01:53Z,KSFO,2026-07-21,KXLOWTSFO-26JUL21-T53,52° or below,-999.0,52.0,0,2,98,100,23.0,low
423,2026-07-21T01:01:53Z,KSFO,2026-07-21,KXLOWTSFO-26JUL21-B59.5,59° to 60°,59.0,60.0,51,59,41,49,408.65,low
424,2026-07-21T01:01:53Z,KSFO,2026-07-21,KXLOWTSFO-26JUL21-B57.5,57° to 58°,57.0,58.0,24,29,71,76,62.35,low
425,2026-07-21T01:01:53Z,KSFO,2026-07-21,KXLOWTSFO-26JUL21-B55.5,55° to 56°,55.0,56.0,5,6,94,95,0.0,low
426,2026-07-21T01:01:53Z,KSFO,2026-07-21,KXLOWTSFO-26JUL21-B53.5,53° to 54°,53.0,54.0,1,5,95,99,0.0,low
427,2026-07-21T01:01:53Z,KSFO,2026-07-21,KXLOWTSFO-26JUL20-T59,60° or above,60.0,999.0,0,1,99,100,6015.05,low
428,2026-07-21T01:01:53Z,KSFO,2026-07-21,KXLOWTSFO-26JUL20-T52,51° or below,-999.0,51.0,0,1,99,100,198.1,low
429,2026-07-21T01:01:53Z,KSFO,2026-07-21,KXLOWTSFO-26JUL20-B58.5,58° to 59°,58.0,59.0,85,90,10,15,3096.42,low
430,2026-07-21T01:01:53Z,KSFO,2026-07-21,KXLOWTSFO-26JUL20-B56.5,56° to 57°,56.0,57.0,8,15,85,92,1412.76,low
431,2026-07-21T01:01:53Z,KSFO,2026-07-21,KXLOWTSFO-26JUL20-B54.5,54° to 55°,54.0,55.0,0,2,98,100,297.3,low
432,2026-07-21T01:01:53Z,KSFO,2026-07-21,KXLOWTSFO-26JUL20-B52.5,52° to 53°,52.0,53.0,0,1,99,100,61.0,low
