id,run_at,icao,forecast_date,high_f,low_f
1,2026-05-29T01:18:32Z,KATL,2026-05-28,85.8,71.4
2,2026-05-29T01:18:32Z,KATL,2026-05-29,79.6,72.6
3,2026-05-29T01:18:32Z,KATL,2026-05-30,80.1,69.3
4,2026-05-29T01:18:32Z,KATL,2026-05-31,68.6,62.3
5,2026-05-29T01:18:32Z,KATL,2026-06-01,88.0,61.0
6,2026-05-29T01:18:32Z,KATL,2026-06-02,86.8,68.6
7,2026-05-29T01:18:32Z,KATL,2026-06-03,84.3,63.6
8,2026-05-29T01:18:32Z,KAUS,2026-05-28,89.5,61.3
9,2026-05-29T01:18:32Z,KAUS,2026-05-29,90.2,72.4
10,2026-05-29T01:18:32Z,KAUS,2026-05-30,91.6,71.6
11,2026-05-29T01:18:32Z,KAUS,2026-05-31,93.7,69.6
12,2026-05-29T01:18:32Z,KAUS,2026-06-01,93.9,71.6
13,2026-05-29T01:18:32Z,KAUS,2026-06-02,91.2,70.9
14,2026-05-29T01:18:32Z,KAUS,2026-06-03,90.8,70.8
15,2026-05-29T01:18:32Z,KBOS,2026-05-28,71.1,56.7
16,2026-05-29T01:18:32Z,KBOS,2026-05-29,71.8,51.1
17,2026-05-29T01:18:32Z,KBOS,2026-05-30,56.7,43.0
18,2026-05-29T01:18:32Z,KBOS,2026-05-31,66.2,44.4
19,2026-05-29T01:18:32Z,KBOS,2026-06-01,65.3,54.9
20,2026-05-29T01:18:32Z,KBOS,2026-06-02,55.8,54.3
21,2026-05-29T01:18:32Z,KBOS,2026-06-03,58.8,55.4
106,2026-05-29T01:18:32Z,KDCA,2026-05-28,81.7,65.1
107,2026-05-29T01:18:32Z,KDCA,2026-05-29,79.9,55.6
108,2026-05-29T01:18:32Z,KDCA,2026-05-30,70.5,59.3
109,2026-05-29T01:18:32Z,KDCA,2026-05-31,76.0,51.0
110,2026-05-29T01:18:32Z,KDCA,2026-06-01,79.3,58.6
111,2026-05-29T01:18:32Z,KDCA,2026-06-02,67.6,54.8
112,2026-05-29T01:18:32Z,KDCA,2026-06-03,67.0,56.1
29,2026-05-29T01:18:32Z,KIAH,2026-05-28,88.4,66.2
30,2026-05-29T01:18:32Z,KIAH,2026-05-29,89.4,71.5
31,2026-05-29T01:18:32Z,KIAH,2026-05-30,95.1,71.4
32,2026-05-29T01:18:32Z,KIAH,2026-05-31,94.4,76.6
33,2026-05-29T01:18:32Z,KIAH,2026-06-01,95.7,77.5
34,2026-05-29T01:18:32Z,KIAH,2026-06-02,95.7,77.7
35,2026-05-29T01:18:32Z,KIAH,2026-06-03,95.1,76.4
36,2026-05-29T01:18:32Z,KLAS,2026-05-28,81.9,56.9
37,2026-05-29T01:18:32Z,KLAS,2026-05-29,80.6,58.4
38,2026-05-29T01:18:32Z,KLAS,2026-05-30,89.1,60.4
39,2026-05-29T01:18:32Z,KLAS,2026-05-31,91.8,74.9
40,2026-05-29T01:18:32Z,KLAS,2026-06-01,97.4,80.7
41,2026-05-29T01:18:32Z,KLAS,2026-06-02,99.6,80.7
42,2026-05-29T01:18:32Z,KLAS,2026-06-03,102.4,83.2
43,2026-05-29T01:18:32Z,KLAX,2026-05-28,67.7,50.6
44,2026-05-29T01:18:32Z,KLAX,2026-05-29,66.4,51.5
45,2026-05-29T01:18:32Z,KLAX,2026-05-30,68.9,54.3
46,2026-05-29T01:18:32Z,KLAX,2026-05-31,72.3,63.3
47,2026-05-29T01:18:32Z,KLAX,2026-06-01,75.7,65.3
48,2026-05-29T01:18:32Z,KLAX,2026-06-02,73.7,64.4
49,2026-05-29T01:18:32Z,KLAX,2026-06-03,75.2,64.9
22,2026-05-29T01:18:32Z,KMDW,2026-05-28,71.5,56.6
23,2026-05-29T01:18:32Z,KMDW,2026-05-29,84.8,52.9
24,2026-05-29T01:18:32Z,KMDW,2026-05-30,70.9,53.5
25,2026-05-29T01:18:32Z,KMDW,2026-05-31,78.1,55.4
26,2026-05-29T01:18:32Z,KMDW,2026-06-01,79.0,59.6
27,2026-05-29T01:18:32Z,KMDW,2026-06-02,74.1,56.0
28,2026-05-29T01:18:32Z,KMDW,2026-06-03,80.3,59.3
50,2026-05-29T01:18:32Z,KMIA,2026-05-28,83.3,76.2
51,2026-05-29T01:18:32Z,KMIA,2026-05-29,87.3,75.9
52,2026-05-29T01:18:32Z,KMIA,2026-05-30,86.0,74.1
53,2026-05-29T01:18:32Z,KMIA,2026-05-31,94.6,80.6
54,2026-05-29T01:18:32Z,KMIA,2026-06-01,97.3,79.5
55,2026-05-29T01:18:32Z,KMIA,2026-06-02,95.3,80.4
56,2026-05-29T01:18:32Z,KMIA,2026-06-03,94.8,81.3
57,2026-05-29T01:18:32Z,KMSY,2026-05-28,85.2,74.6
58,2026-05-29T01:18:32Z,KMSY,2026-05-29,85.6,71.7
59,2026-05-29T01:18:32Z,KMSY,2026-05-30,93.7,72.2
60,2026-05-29T01:18:32Z,KMSY,2026-05-31,93.9,72.1
61,2026-05-29T01:18:32Z,KMSY,2026-06-01,93.9,73.0
62,2026-05-29T01:18:32Z,KMSY,2026-06-02,92.4,73.0
63,2026-05-29T01:18:32Z,KMSY,2026-06-03,87.6,72.5
64,2026-05-29T01:18:32Z,KNYC,2026-05-28,74.8,62.3
65,2026-05-29T01:18:32Z,KNYC,2026-05-29,77.9,54.8
66,2026-05-29T01:18:32Z,KNYC,2026-05-30,69.5,50.5
67,2026-05-29T01:18:32Z,KNYC,2026-05-31,75.0,51.5
68,2026-05-29T01:18:32Z,KNYC,2026-06-01,70.7,57.6
69,2026-05-29T01:18:32Z,KNYC,2026-06-02,62.8,53.8
70,2026-05-29T01:18:32Z,KNYC,2026-06-03,62.0,56.1
71,2026-05-29T01:18:32Z,KOKC,2026-05-28,85.5,65.9
72,2026-05-29T01:18:32Z,KOKC,2026-05-29,95.7,69.7
73,2026-05-29T01:18:32Z,KOKC,2026-05-30,93.0,66.6
74,2026-05-29T01:18:32Z,KOKC,2026-05-31,97.0,71.8
75,2026-05-29T01:18:32Z,KOKC,2026-06-01,96.1,71.6
76,2026-05-29T01:18:32Z,KOKC,2026-06-02,93.1,68.2
77,2026-05-29T01:18:32Z,KOKC,2026-06-03,70.4,66.7
78,2026-05-29T01:18:32Z,KPHL,2026-05-28,78.6,62.2
79,2026-05-29T01:18:32Z,KPHL,2026-05-29,77.0,55.2
80,2026-05-29T01:18:32Z,KPHL,2026-05-30,70.6,52.6
81,2026-05-29T01:18:32Z,KPHL,2026-05-31,74.9,51.3
82,2026-05-29T01:18:32Z,KPHL,2026-06-01,77.9,56.3
83,2026-05-29T01:18:32Z,KPHL,2026-06-02,58.0,55.4
84,2026-05-29T01:18:32Z,KPHL,2026-06-03,68.0,56.0
85,2026-05-29T01:18:32Z,KSAT,2026-05-28,87.6,63.2
86,2026-05-29T01:18:32Z,KSAT,2026-05-29,86.9,72.2
87,2026-05-29T01:18:32Z,KSAT,2026-05-30,90.7,71.2
88,2026-05-29T01:18:32Z,KSAT,2026-05-31,93.9,71.4
89,2026-05-29T01:18:32Z,KSAT,2026-06-01,91.8,73.4
90,2026-05-29T01:18:32Z,KSAT,2026-06-02,89.8,73.0
91,2026-05-29T01:18:32Z,KSAT,2026-06-03,89.1,71.7
99,2026-05-29T01:18:32Z,KSEA,2026-05-28,79.8,54.3
100,2026-05-29T01:18:32Z,KSEA,2026-05-29,58.6,48.1
101,2026-05-29T01:18:32Z,KSEA,2026-05-30,65.4,46.7
102,2026-05-29T01:18:32Z,KSEA,2026-05-31,66.0,43.7
103,2026-05-29T01:18:32Z,KSEA,2026-06-01,70.5,47.3
104,2026-05-29T01:18:32Z,KSEA,2026-06-02,88.0,52.7
105,2026-05-29T01:18:32Z,KSEA,2026-06-03,63.6,53.9
92,2026-05-29T01:18:32Z,KSFO,2026-05-28,66.1,53.0
93,2026-05-29T01:18:32Z,KSFO,2026-05-29,60.6,51.3
94,2026-05-29T01:18:32Z,KSFO,2026-05-30,61.7,49.8
95,2026-05-29T01:18:32Z,KSFO,2026-05-31,71.0,51.8
96,2026-05-29T01:18:32Z,KSFO,2026-06-01,74.4,53.0
97,2026-05-29T01:18:32Z,KSFO,2026-06-02,66.3,53.0
98,2026-05-29T01:18:32Z,KSFO,2026-06-03,67.1,53.5
1,2026-05-29T02:27:45Z,KATL,2026-05-28,85.8,71.4
2,2026-05-29T02:27:45Z,KATL,2026-05-29,79.4,72.3
3,2026-05-29T02:27:45Z,KATL,2026-05-30,78.6,68.6
4,2026-05-29T02:27:45Z,KATL,2026-05-31,68.6,62.3
5,2026-05-29T02:27:45Z,KATL,2026-06-01,88.0,61.0
6,2026-05-29T02:27:45Z,KATL,2026-06-02,86.8,68.6
7,2026-05-29T02:27:45Z,KATL,2026-06-03,84.3,63.6
8,2026-05-29T02:27:45Z,KAUS,2026-05-28,89.5,61.3
9,2026-05-29T02:27:45Z,KAUS,2026-05-29,90.7,71.1
10,2026-05-29T02:27:45Z,KAUS,2026-05-30,90.1,73.1
11,2026-05-29T02:27:45Z,KAUS,2026-05-31,93.7,69.6
12,2026-05-29T02:27:45Z,KAUS,2026-06-01,93.9,71.6
13,2026-05-29T02:27:45Z,KAUS,2026-06-02,91.2,70.9
14,2026-05-29T02:27:45Z,KAUS,2026-06-03,90.8,70.8
15,2026-05-29T02:27:45Z,KBOS,2026-05-28,71.1,57.0
16,2026-05-29T02:27:45Z,KBOS,2026-05-29,73.1,51.3
17,2026-05-29T02:27:45Z,KBOS,2026-05-30,57.3,44.0
18,2026-05-29T02:27:45Z,KBOS,2026-05-31,66.2,44.4
19,2026-05-29T02:27:45Z,KBOS,2026-06-01,65.3,54.9
20,2026-05-29T02:27:45Z,KBOS,2026-06-02,55.8,54.3
21,2026-05-29T02:27:45Z,KBOS,2026-06-03,58.8,55.4
106,2026-05-29T02:27:45Z,KDCA,2026-05-28,81.7,66.5
107,2026-05-29T02:27:45Z,KDCA,2026-05-29,80.1,56.4
108,2026-05-29T02:27:45Z,KDCA,2026-05-30,72.0,59.3
109,2026-05-29T02:27:45Z,KDCA,2026-05-31,76.0,51.0
110,2026-05-29T02:27:45Z,KDCA,2026-06-01,79.3,58.6
111,2026-05-29T02:27:45Z,KDCA,2026-06-02,67.6,54.8
112,2026-05-29T02:27:45Z,KDCA,2026-06-03,67.0,56.1
29,2026-05-29T02:27:45Z,KIAH,2026-05-28,88.4,66.2
30,2026-05-29T02:27:45Z,KIAH,2026-05-29,90.7,72.1
31,2026-05-29T02:27:45Z,KIAH,2026-05-30,91.7,72.4
32,2026-05-29T02:27:45Z,KIAH,2026-05-31,94.4,76.6
33,2026-05-29T02:27:45Z,KIAH,2026-06-01,95.7,77.5
34,2026-05-29T02:27:45Z,KIAH,2026-06-02,95.7,77.7
35,2026-05-29T02:27:45Z,KIAH,2026-06-03,95.1,76.4
36,2026-05-29T02:27:45Z,KLAS,2026-05-28,81.9,56.9
37,2026-05-29T02:27:45Z,KLAS,2026-05-29,78.8,59.5
38,2026-05-29T02:27:45Z,KLAS,2026-05-30,89.0,59.1
39,2026-05-29T02:27:45Z,KLAS,2026-05-31,91.8,74.9
40,2026-05-29T02:27:45Z,KLAS,2026-06-01,97.4,80.7
41,2026-05-29T02:27:45Z,KLAS,2026-06-02,99.6,80.7
42,2026-05-29T02:27:45Z,KLAS,2026-06-03,102.4,83.2
43,2026-05-29T02:27:45Z,KLAX,2026-05-28,67.7,50.6
44,2026-05-29T02:27:45Z,KLAX,2026-05-29,66.5,53.3
45,2026-05-29T02:27:45Z,KLAX,2026-05-30,70.3,54.2
46,2026-05-29T02:27:45Z,KLAX,2026-05-31,72.3,63.3
47,2026-05-29T02:27:45Z,KLAX,2026-06-01,75.7,65.3
48,2026-05-29T02:27:45Z,KLAX,2026-06-02,73.7,64.4
49,2026-05-29T02:27:45Z,KLAX,2026-06-03,75.2,64.9
22,2026-05-29T02:27:45Z,KMDW,2026-05-28,71.5,55.7
23,2026-05-29T02:27:45Z,KMDW,2026-05-29,86.8,52.3
24,2026-05-29T02:27:45Z,KMDW,2026-05-30,70.4,55.3
25,2026-05-29T02:27:45Z,KMDW,2026-05-31,78.1,55.4
26,2026-05-29T02:27:45Z,KMDW,2026-06-01,79.0,59.6
27,2026-05-29T02:27:45Z,KMDW,2026-06-02,74.1,56.0
28,2026-05-29T02:27:45Z,KMDW,2026-06-03,80.3,59.3
50,2026-05-29T02:27:45Z,KMIA,2026-05-28,83.3,76.2
51,2026-05-29T02:27:45Z,KMIA,2026-05-29,86.9,74.6
52,2026-05-29T02:27:45Z,KMIA,2026-05-30,85.3,74.3
53,2026-05-29T02:27:45Z,KMIA,2026-05-31,94.6,80.6
54,2026-05-29T02:27:45Z,KMIA,2026-06-01,97.3,79.5
55,2026-05-29T02:27:45Z,KMIA,2026-06-02,95.3,80.4
56,2026-05-29T02:27:45Z,KMIA,2026-06-03,94.8,81.3
57,2026-05-29T02:27:45Z,KMSY,2026-05-28,85.2,75.0
58,2026-05-29T02:27:45Z,KMSY,2026-05-29,85.9,72.4
59,2026-05-29T02:27:45Z,KMSY,2026-05-30,86.3,72.9
60,2026-05-29T02:27:45Z,KMSY,2026-05-31,93.9,72.1
61,2026-05-29T02:27:45Z,KMSY,2026-06-01,93.9,73.0
62,2026-05-29T02:27:45Z,KMSY,2026-06-02,92.4,73.0
63,2026-05-29T02:27:45Z,KMSY,2026-06-03,87.6,72.5
64,2026-05-29T02:27:45Z,KNYC,2026-05-28,74.8,62.9
65,2026-05-29T02:27:45Z,KNYC,2026-05-29,79.0,55.0
66,2026-05-29T02:27:45Z,KNYC,2026-05-30,69.4,51.0
67,2026-05-29T02:27:45Z,KNYC,2026-05-31,75.0,51.5
68,2026-05-29T02:27:45Z,KNYC,2026-06-01,70.7,57.6
69,2026-05-29T02:27:45Z,KNYC,2026-06-02,62.8,53.8
70,2026-05-29T02:27:45Z,KNYC,2026-06-03,62.0,56.1
71,2026-05-29T02:27:45Z,KOKC,2026-05-28,85.5,65.9
72,2026-05-29T02:27:45Z,KOKC,2026-05-29,93.6,67.9
73,2026-05-29T02:27:45Z,KOKC,2026-05-30,96.4,66.6
74,2026-05-29T02:27:45Z,KOKC,2026-05-31,97.0,71.8
75,2026-05-29T02:27:45Z,KOKC,2026-06-01,96.1,71.6
76,2026-05-29T02:27:45Z,KOKC,2026-06-02,93.1,68.2
77,2026-05-29T02:27:45Z,KOKC,2026-06-03,70.4,66.7
78,2026-05-29T02:27:45Z,KPHL,2026-05-28,78.6,62.9
79,2026-05-29T02:27:45Z,KPHL,2026-05-29,78.6,55.3
80,2026-05-29T02:27:45Z,KPHL,2026-05-30,68.6,55.8
81,2026-05-29T02:27:45Z,KPHL,2026-05-31,74.9,51.3
82,2026-05-29T02:27:45Z,KPHL,2026-06-01,77.9,56.3
83,2026-05-29T02:27:45Z,KPHL,2026-06-02,58.0,55.4
84,2026-05-29T02:27:45Z,KPHL,2026-06-03,68.0,56.0
85,2026-05-29T02:27:45Z,KSAT,2026-05-28,87.6,63.2
86,2026-05-29T02:27:45Z,KSAT,2026-05-29,87.3,72.0
87,2026-05-29T02:27:45Z,KSAT,2026-05-30,88.0,71.5
88,2026-05-29T02:27:45Z,KSAT,2026-05-31,93.9,71.4
89,2026-05-29T02:27:45Z,KSAT,2026-06-01,91.8,73.4
90,2026-05-29T02:27:45Z,KSAT,2026-06-02,89.8,73.0
91,2026-05-29T02:27:45Z,KSAT,2026-06-03,89.1,71.7
99,2026-05-29T02:27:45Z,KSEA,2026-05-28,79.8,54.3
100,2026-05-29T02:27:45Z,KSEA,2026-05-29,59.3,48.4
101,2026-05-29T02:27:45Z,KSEA,2026-05-30,62.1,46.9
102,2026-05-29T02:27:45Z,KSEA,2026-05-31,66.0,43.7
103,2026-05-29T02:27:45Z,KSEA,2026-06-01,70.5,47.3
104,2026-05-29T02:27:45Z,KSEA,2026-06-02,88.0,52.7
105,2026-05-29T02:27:45Z,KSEA,2026-06-03,63.6,53.9
92,2026-05-29T02:27:45Z,KSFO,2026-05-28,66.9,53.0
93,2026-05-29T02:27:45Z,KSFO,2026-05-29,60.8,50.9
94,2026-05-29T02:27:45Z,KSFO,2026-05-30,64.2,50.0
95,2026-05-29T02:27:45Z,KSFO,2026-05-31,71.0,51.8
96,2026-05-29T02:27:45Z,KSFO,2026-06-01,74.4,53.0
97,2026-05-29T02:27:45Z,KSFO,2026-06-02,66.3,53.0
98,2026-05-29T02:27:45Z,KSFO,2026-06-03,67.1,53.5
1,2026-05-29T03:55:20Z,KATL,2026-05-28,85.8,71.4
2,2026-05-29T03:55:20Z,KATL,2026-05-29,81.3,72.4
3,2026-05-29T03:55:20Z,KATL,2026-05-30,78.6,68.6
4,2026-05-29T03:55:20Z,KATL,2026-05-31,68.6,62.3
5,2026-05-29T03:55:20Z,KATL,2026-06-01,88.0,61.0
6,2026-05-29T03:55:20Z,KATL,2026-06-02,86.8,68.6
7,2026-05-29T03:55:20Z,KATL,2026-06-03,84.3,63.6
8,2026-05-29T03:55:20Z,KAUS,2026-05-28,89.5,61.3
9,2026-05-29T03:55:20Z,KAUS,2026-05-29,90.9,71.5
10,2026-05-29T03:55:20Z,KAUS,2026-05-30,90.1,73.1
11,2026-05-29T03:55:20Z,KAUS,2026-05-31,93.7,69.6
12,2026-05-29T03:55:20Z,KAUS,2026-06-01,93.9,71.6
13,2026-05-29T03:55:20Z,KAUS,2026-06-02,91.2,70.9
14,2026-05-29T03:55:20Z,KAUS,2026-06-03,90.8,70.8
15,2026-05-29T03:55:20Z,KBOS,2026-05-28,71.1,57.9
16,2026-05-29T03:55:20Z,KBOS,2026-05-29,73.3,50.8
17,2026-05-29T03:55:20Z,KBOS,2026-05-30,57.3,44.0
18,2026-05-29T03:55:20Z,KBOS,2026-05-31,66.2,44.4
19,2026-05-29T03:55:20Z,KBOS,2026-06-01,65.3,54.9
20,2026-05-29T03:55:20Z,KBOS,2026-06-02,55.8,54.3
21,2026-05-29T03:55:20Z,KBOS,2026-06-03,58.8,55.4
99,2026-05-29T03:55:20Z,KDCA,2026-05-29,80.0,56.9
100,2026-05-29T03:55:20Z,KDCA,2026-05-30,72.0,59.3
101,2026-05-29T03:55:20Z,KDCA,2026-05-31,76.0,51.0
102,2026-05-29T03:55:20Z,KDCA,2026-06-01,79.3,58.6
103,2026-05-29T03:55:20Z,KDCA,2026-06-02,67.6,54.8
104,2026-05-29T03:55:20Z,KDCA,2026-06-03,67.0,56.1
105,2026-05-29T03:55:20Z,KDCA,2026-06-04,76.9,53.9
29,2026-05-29T03:55:20Z,KIAH,2026-05-28,88.4,66.2
30,2026-05-29T03:55:20Z,KIAH,2026-05-29,90.7,71.5
31,2026-05-29T03:55:20Z,KIAH,2026-05-30,91.7,72.4
32,2026-05-29T03:55:20Z,KIAH,2026-05-31,94.4,76.6
33,2026-05-29T03:55:20Z,KIAH,2026-06-01,95.7,77.5
34,2026-05-29T03:55:20Z,KIAH,2026-06-02,95.7,77.7
35,2026-05-29T03:55:20Z,KIAH,2026-06-03,95.1,76.4
36,2026-05-29T03:55:20Z,KLAS,2026-05-28,81.9,56.9
37,2026-05-29T03:55:20Z,KLAS,2026-05-29,78.8,58.1
38,2026-05-29T03:55:20Z,KLAS,2026-05-30,89.0,59.1
39,2026-05-29T03:55:20Z,KLAS,2026-05-31,91.8,74.9
40,2026-05-29T03:55:20Z,KLAS,2026-06-01,97.4,80.7
41,2026-05-29T03:55:20Z,KLAS,2026-06-02,99.6,80.7
42,2026-05-29T03:55:20Z,KLAS,2026-06-03,102.4,83.2
43,2026-05-29T03:55:20Z,KLAX,2026-05-28,67.7,50.6
44,2026-05-29T03:55:20Z,KLAX,2026-05-29,66.4,55.1
45,2026-05-29T03:55:20Z,KLAX,2026-05-30,70.3,54.2
46,2026-05-29T03:55:20Z,KLAX,2026-05-31,72.3,63.3
47,2026-05-29T03:55:20Z,KLAX,2026-06-01,75.7,65.3
48,2026-05-29T03:55:20Z,KLAX,2026-06-02,73.7,64.4
49,2026-05-29T03:55:20Z,KLAX,2026-06-03,75.2,64.9
22,2026-05-29T03:55:20Z,KMDW,2026-05-28,71.5,55.3
23,2026-05-29T03:55:20Z,KMDW,2026-05-29,86.6,52.3
24,2026-05-29T03:55:20Z,KMDW,2026-05-30,70.4,55.3
25,2026-05-29T03:55:20Z,KMDW,2026-05-31,78.1,55.4
26,2026-05-29T03:55:20Z,KMDW,2026-06-01,79.0,59.6
27,2026-05-29T03:55:20Z,KMDW,2026-06-02,74.1,56.0
28,2026-05-29T03:55:20Z,KMDW,2026-06-03,80.3,59.3
50,2026-05-29T03:55:20Z,KMSP,2026-05-28,83.7,64.1
51,2026-05-29T03:55:20Z,KMSP,2026-05-29,88.1,62.8
52,2026-05-29T03:55:20Z,KMSP,2026-05-30,84.0,64.1
53,2026-05-29T03:55:20Z,KMSP,2026-05-31,76.9,58.0
54,2026-05-29T03:55:20Z,KMSP,2026-06-01,83.4,61.8
55,2026-05-29T03:55:20Z,KMSP,2026-06-02,82.3,61.6
56,2026-05-29T03:55:20Z,KMSP,2026-06-03,78.7,62.1
57,2026-05-29T03:55:20Z,KMSY,2026-05-28,85.2,74.7
58,2026-05-29T03:55:20Z,KMSY,2026-05-29,85.6,72.1
59,2026-05-29T03:55:20Z,KMSY,2026-05-30,86.3,72.9
60,2026-05-29T03:55:20Z,KMSY,2026-05-31,93.9,72.1
61,2026-05-29T03:55:20Z,KMSY,2026-06-01,93.9,73.0
62,2026-05-29T03:55:20Z,KMSY,2026-06-02,92.4,73.0
63,2026-05-29T03:55:20Z,KMSY,2026-06-03,87.6,72.5
64,2026-05-29T03:55:20Z,KNYC,2026-05-28,74.8,63.0
65,2026-05-29T03:55:20Z,KNYC,2026-05-29,78.8,55.4
66,2026-05-29T03:55:20Z,KNYC,2026-05-30,69.4,51.0
67,2026-05-29T03:55:20Z,KNYC,2026-05-31,75.0,51.5
68,2026-05-29T03:55:20Z,KNYC,2026-06-01,70.7,57.6
69,2026-05-29T03:55:20Z,KNYC,2026-06-02,62.8,53.8
70,2026-05-29T03:55:20Z,KNYC,2026-06-03,62.0,56.1
71,2026-05-29T03:55:20Z,KPHX,2026-05-28,90.2,68.8
72,2026-05-29T03:55:20Z,KPHX,2026-05-29,85.7,62.4
73,2026-05-29T03:55:20Z,KPHX,2026-05-30,90.9,60.0
74,2026-05-29T03:55:20Z,KPHX,2026-05-31,97.2,79.9
75,2026-05-29T03:55:20Z,KPHX,2026-06-01,101.1,84.2
76,2026-05-29T03:55:20Z,KPHX,2026-06-02,103.6,84.6
77,2026-05-29T03:55:20Z,KPHX,2026-06-03,105.6,85.6
78,2026-05-29T03:55:20Z,KSAT,2026-05-28,87.6,63.2
79,2026-05-29T03:55:20Z,KSAT,2026-05-29,87.3,71.9
80,2026-05-29T03:55:20Z,KSAT,2026-05-30,88.0,71.5
81,2026-05-29T03:55:20Z,KSAT,2026-05-31,93.9,71.4
82,2026-05-29T03:55:20Z,KSAT,2026-06-01,91.8,73.4
83,2026-05-29T03:55:20Z,KSAT,2026-06-02,89.8,73.0
84,2026-05-29T03:55:20Z,KSAT,2026-06-03,89.1,71.7
92,2026-05-29T03:55:20Z,KSEA,2026-05-28,79.8,54.3
93,2026-05-29T03:55:20Z,KSEA,2026-05-29,60.4,48.4
94,2026-05-29T03:55:20Z,KSEA,2026-05-30,62.1,46.9
95,2026-05-29T03:55:20Z,KSEA,2026-05-31,66.0,43.7
96,2026-05-29T03:55:20Z,KSEA,2026-06-01,70.5,47.3
97,2026-05-29T03:55:20Z,KSEA,2026-06-02,88.0,52.7
98,2026-05-29T03:55:20Z,KSEA,2026-06-03,63.6,53.9
85,2026-05-29T03:55:20Z,KSFO,2026-05-28,66.9,53.0
86,2026-05-29T03:55:20Z,KSFO,2026-05-29,60.8,51.1
87,2026-05-29T03:55:20Z,KSFO,2026-05-30,64.2,50.0
88,2026-05-29T03:55:20Z,KSFO,2026-05-31,71.0,51.8
89,2026-05-29T03:55:20Z,KSFO,2026-06-01,74.4,53.0
90,2026-05-29T03:55:20Z,KSFO,2026-06-02,66.3,53.0
91,2026-05-29T03:55:20Z,KSFO,2026-06-03,67.1,53.5
1,2026-05-29T05:38:45Z,KATL,2026-05-29,82.7,72.3
2,2026-05-29T05:38:45Z,KATL,2026-05-30,78.6,68.6
3,2026-05-29T05:38:45Z,KATL,2026-05-31,68.6,62.3
4,2026-05-29T05:38:45Z,KATL,2026-06-01,88.0,61.0
5,2026-05-29T05:38:45Z,KATL,2026-06-02,86.8,68.6
6,2026-05-29T05:38:45Z,KATL,2026-06-03,84.3,63.6
7,2026-05-29T05:38:45Z,KATL,2026-06-04,87.9,68.5
8,2026-05-29T05:38:45Z,KAUS,2026-05-29,91.3,71.3
9,2026-05-29T05:38:45Z,KAUS,2026-05-30,90.1,73.1
10,2026-05-29T05:38:45Z,KAUS,2026-05-31,93.7,69.6
11,2026-05-29T05:38:45Z,KAUS,2026-06-01,93.9,71.6
12,2026-05-29T05:38:45Z,KAUS,2026-06-02,91.2,70.9
13,2026-05-29T05:38:45Z,KAUS,2026-06-03,90.8,70.8
14,2026-05-29T05:38:45Z,KAUS,2026-06-04,91.0,69.7
15,2026-05-29T05:38:45Z,KBOS,2026-05-29,71.9,51.6
16,2026-05-29T05:38:45Z,KBOS,2026-05-30,57.3,44.0
17,2026-05-29T05:38:45Z,KBOS,2026-05-31,66.2,44.4
18,2026-05-29T05:38:45Z,KBOS,2026-06-01,65.3,54.9
19,2026-05-29T05:38:45Z,KBOS,2026-06-02,55.8,54.3
20,2026-05-29T05:38:45Z,KBOS,2026-06-03,58.8,55.4
21,2026-05-29T05:38:45Z,KBOS,2026-06-04,58.0,55.6
113,2026-05-29T05:38:45Z,KDCA,2026-05-29,80.4,56.8
114,2026-05-29T05:38:45Z,KDCA,2026-05-30,72.0,59.3
115,2026-05-29T05:38:45Z,KDCA,2026-05-31,76.0,51.0
116,2026-05-29T05:38:45Z,KDCA,2026-06-01,79.3,58.6
117,2026-05-29T05:38:45Z,KDCA,2026-06-02,67.6,54.8
118,2026-05-29T05:38:45Z,KDCA,2026-06-03,67.0,56.1
119,2026-05-29T05:38:45Z,KDCA,2026-06-04,76.9,53.9
29,2026-05-29T05:38:45Z,KDEN,2026-05-28,75.6,52.1
30,2026-05-29T05:38:45Z,KDEN,2026-05-29,85.1,59.9
31,2026-05-29T05:38:45Z,KDEN,2026-05-30,80.9,55.5
32,2026-05-29T05:38:45Z,KDEN,2026-05-31,84.1,49.7
33,2026-05-29T05:38:45Z,KDEN,2026-06-01,81.6,52.6
34,2026-05-29T05:38:45Z,KDEN,2026-06-02,83.0,53.0
35,2026-05-29T05:38:45Z,KDEN,2026-06-03,83.8,56.4
36,2026-05-29T05:38:45Z,KIAH,2026-05-29,91.3,70.9
37,2026-05-29T05:38:45Z,KIAH,2026-05-30,91.7,72.4
38,2026-05-29T05:38:45Z,KIAH,2026-05-31,94.4,76.6
39,2026-05-29T05:38:45Z,KIAH,2026-06-01,95.7,77.5
40,2026-05-29T05:38:45Z,KIAH,2026-06-02,95.7,77.7
41,2026-05-29T05:38:45Z,KIAH,2026-06-03,95.1,76.4
42,2026-05-29T05:38:45Z,KIAH,2026-06-04,92.4,77.2
43,2026-05-29T05:38:45Z,KLAS,2026-05-28,81.9,56.9
44,2026-05-29T05:38:45Z,KLAS,2026-05-29,78.8,60.2
45,2026-05-29T05:38:45Z,KLAS,2026-05-30,89.0,59.1
46,2026-05-29T05:38:45Z,KLAS,2026-05-31,91.8,74.9
47,2026-05-29T05:38:45Z,KLAS,2026-06-01,97.4,80.7
48,2026-05-29T05:38:45Z,KLAS,2026-06-02,99.6,80.7
49,2026-05-29T05:38:45Z,KLAS,2026-06-03,102.4,83.2
50,2026-05-29T05:38:45Z,KLAX,2026-05-28,67.7,50.6
51,2026-05-29T05:38:45Z,KLAX,2026-05-29,66.5,52.0
52,2026-05-29T05:38:45Z,KLAX,2026-05-30,70.3,54.2
53,2026-05-29T05:38:45Z,KLAX,2026-05-31,72.3,63.3
54,2026-05-29T05:38:45Z,KLAX,2026-06-01,75.7,65.3
55,2026-05-29T05:38:45Z,KLAX,2026-06-02,73.7,64.4
56,2026-05-29T05:38:45Z,KLAX,2026-06-03,75.2,64.9
22,2026-05-29T05:38:45Z,KMDW,2026-05-29,87.2,51.8
23,2026-05-29T05:38:45Z,KMDW,2026-05-30,70.4,55.3
24,2026-05-29T05:38:45Z,KMDW,2026-05-31,78.1,55.4
25,2026-05-29T05:38:45Z,KMDW,2026-06-01,79.0,59.6
26,2026-05-29T05:38:45Z,KMDW,2026-06-02,74.1,56.0
27,2026-05-29T05:38:45Z,KMDW,2026-06-03,80.3,59.3
28,2026-05-29T05:38:45Z,KMDW,2026-06-04,78.8,63.1
57,2026-05-29T05:38:45Z,KMIA,2026-05-29,89.5,74.6
58,2026-05-29T05:38:45Z,KMIA,2026-05-30,85.3,74.3
59,2026-05-29T05:38:45Z,KMIA,2026-05-31,94.6,80.6
60,2026-05-29T05:38:45Z,KMIA,2026-06-01,97.3,79.5
61,2026-05-29T05:38:45Z,KMIA,2026-06-02,95.3,80.4
62,2026-05-29T05:38:45Z,KMIA,2026-06-03,94.8,81.3
63,2026-05-29T05:38:45Z,KMIA,2026-06-04,92.6,81.7
64,2026-05-29T05:38:45Z,KMSP,2026-05-29,87.6,62.1
65,2026-05-29T05:38:45Z,KMSP,2026-05-30,84.0,64.1
66,2026-05-29T05:38:45Z,KMSP,2026-05-31,76.9,58.0
67,2026-05-29T05:38:45Z,KMSP,2026-06-01,83.4,61.8
68,2026-05-29T05:38:45Z,KMSP,2026-06-02,82.3,61.6
69,2026-05-29T05:38:45Z,KMSP,2026-06-03,78.7,62.1
70,2026-05-29T05:38:45Z,KMSP,2026-06-04,83.4,63.4
71,2026-05-29T05:38:45Z,KNYC,2026-05-29,78.2,54.8
72,2026-05-29T05:38:45Z,KNYC,2026-05-30,69.4,51.0
73,2026-05-29T05:38:45Z,KNYC,2026-05-31,75.0,51.5
74,2026-05-29T05:38:45Z,KNYC,2026-06-01,70.7,57.6
75,2026-05-29T05:38:45Z,KNYC,2026-06-02,62.8,53.8
76,2026-05-29T05:38:45Z,KNYC,2026-06-03,62.0,56.1
77,2026-05-29T05:38:45Z,KNYC,2026-06-04,70.5,56.4
78,2026-05-29T05:38:45Z,KOKC,2026-05-29,93.6,68.1
79,2026-05-29T05:38:45Z,KOKC,2026-05-30,96.4,66.6
80,2026-05-29T05:38:45Z,KOKC,2026-05-31,97.0,71.8
81,2026-05-29T05:38:45Z,KOKC,2026-06-01,96.1,71.6
82,2026-05-29T05:38:45Z,KOKC,2026-06-02,93.1,68.2
83,2026-05-29T05:38:45Z,KOKC,2026-06-03,70.4,66.7
84,2026-05-29T05:38:45Z,KOKC,2026-06-04,85.1,65.7
85,2026-05-29T05:38:45Z,KPHL,2026-05-29,78.1,54.4
86,2026-05-29T05:38:45Z,KPHL,2026-05-30,68.6,55.8
87,2026-05-29T05:38:45Z,KPHL,2026-05-31,74.9,51.3
88,2026-05-29T05:38:45Z,KPHL,2026-06-01,77.9,56.3
89,2026-05-29T05:38:45Z,KPHL,2026-06-02,58.0,55.4
90,2026-05-29T05:38:45Z,KPHL,2026-06-03,68.0,56.0
91,2026-05-29T05:38:45Z,KPHL,2026-06-04,73.1,54.7
92,2026-05-29T05:38:45Z,KPHX,2026-05-28,90.2,68.8
93,2026-05-29T05:38:45Z,KPHX,2026-05-29,86.7,63.8
94,2026-05-29T05:38:45Z,KPHX,2026-05-30,90.9,60.0
95,2026-05-29T05:38:45Z,KPHX,2026-05-31,97.2,79.9
96,2026-05-29T05:38:45Z,KPHX,2026-06-01,101.1,84.2
97,2026-05-29T05:38:45Z,KPHX,2026-06-02,103.6,84.6
98,2026-05-29T05:38:45Z,KPHX,2026-06-03,105.6,85.6
99,2026-05-29T05:38:45Z,KSAT,2026-05-29,87.9,71.4
100,2026-05-29T05:38:45Z,KSAT,2026-05-30,88.0,71.5
101,2026-05-29T05:38:45Z,KSAT,2026-05-31,93.9,71.4
102,2026-05-29T05:38:45Z,KSAT,2026-06-01,91.8,73.4
103,2026-05-29T05:38:45Z,KSAT,2026-06-02,89.8,73.0
104,2026-05-29T05:38:45Z,KSAT,2026-06-03,89.1,71.7
105,2026-05-29T05:38:45Z,KSAT,2026-06-04,92.1,72.0
106,2026-05-29T05:38:45Z,KSFO,2026-05-28,66.9,53.0
107,2026-05-29T05:38:45Z,KSFO,2026-05-29,60.6,50.9
108,2026-05-29T05:38:45Z,KSFO,2026-05-30,64.2,50.0
109,2026-05-29T05:38:45Z,KSFO,2026-05-31,71.0,51.8
110,2026-05-29T05:38:45Z,KSFO,2026-06-01,74.4,53.0
111,2026-05-29T05:38:45Z,KSFO,2026-06-02,66.3,53.0
112,2026-05-29T05:38:45Z,KSFO,2026-06-03,67.1,53.5
1,2026-05-29T07:37:59Z,KATL,2026-05-29,82.3,72.1
2,2026-05-29T07:37:59Z,KATL,2026-05-30,78.6,68.6
3,2026-05-29T07:37:59Z,KATL,2026-05-31,72.6,64.3
4,2026-05-29T07:37:59Z,KATL,2026-06-01,89.5,65.9
5,2026-05-29T07:37:59Z,KATL,2026-06-02,83.5,70.2
6,2026-05-29T07:37:59Z,KATL,2026-06-03,85.9,63.6
7,2026-05-29T07:37:59Z,KATL,2026-06-04,86.1,70.1
8,2026-05-29T07:37:59Z,KAUS,2026-05-29,91.0,70.6
9,2026-05-29T07:37:59Z,KAUS,2026-05-30,89.9,73.1
10,2026-05-29T07:37:59Z,KAUS,2026-05-31,90.7,70.7
11,2026-05-29T07:37:59Z,KAUS,2026-06-01,93.0,71.4
12,2026-05-29T07:37:59Z,KAUS,2026-06-02,91.9,70.9
13,2026-05-29T07:37:59Z,KAUS,2026-06-03,84.9,70.7
14,2026-05-29T07:37:59Z,KAUS,2026-06-04,91.7,69.3
15,2026-05-29T07:37:59Z,KBOS,2026-05-29,70.3,51.3
16,2026-05-29T07:37:59Z,KBOS,2026-05-30,57.3,44.0
17,2026-05-29T07:37:59Z,KBOS,2026-05-31,66.0,45.5
18,2026-05-29T07:37:59Z,KBOS,2026-06-01,66.0,54.5
19,2026-05-29T07:37:59Z,KBOS,2026-06-02,56.5,54.2
20,2026-05-29T07:37:59Z,KBOS,2026-06-03,59.2,55.9
21,2026-05-29T07:37:59Z,KBOS,2026-06-04,60.9,55.5
106,2026-05-29T07:37:59Z,KDCA,2026-05-29,80.4,56.7
107,2026-05-29T07:37:59Z,KDCA,2026-05-30,72.0,59.9
108,2026-05-29T07:37:59Z,KDCA,2026-05-31,77.3,51.7
109,2026-05-29T07:37:59Z,KDCA,2026-06-01,79.3,58.0
110,2026-05-29T07:37:59Z,KDCA,2026-06-02,71.2,56.2
111,2026-05-29T07:37:59Z,KDCA,2026-06-03,72.6,58.8
112,2026-05-29T07:37:59Z,KDCA,2026-06-04,84.0,57.0
29,2026-05-29T07:37:59Z,KIAH,2026-05-29,90.4,70.7
30,2026-05-29T07:37:59Z,KIAH,2026-05-30,91.8,72.4
31,2026-05-29T07:37:59Z,KIAH,2026-05-31,94.0,76.9
32,2026-05-29T07:37:59Z,KIAH,2026-06-01,94.9,77.5
33,2026-05-29T07:37:59Z,KIAH,2026-06-02,91.9,77.5
34,2026-05-29T07:37:59Z,KIAH,2026-06-03,89.4,76.9
35,2026-05-29T07:37:59Z,KIAH,2026-06-04,94.0,77.0
36,2026-05-29T07:37:59Z,KLAS,2026-05-29,80.9,60.2
37,2026-05-29T07:37:59Z,KLAS,2026-05-30,88.6,59.1
38,2026-05-29T07:37:59Z,KLAS,2026-05-31,92.9,76.3
39,2026-05-29T07:37:59Z,KLAS,2026-06-01,99.7,79.2
40,2026-05-29T07:37:59Z,KLAS,2026-06-02,101.0,80.8
41,2026-05-29T07:37:59Z,KLAS,2026-06-03,101.8,82.8
42,2026-05-29T07:37:59Z,KLAS,2026-06-04,102.6,81.5
22,2026-05-29T07:37:59Z,KMDW,2026-05-29,86.2,51.1
23,2026-05-29T07:37:59Z,KMDW,2026-05-30,70.4,55.3
24,2026-05-29T07:37:59Z,KMDW,2026-05-31,77.7,56.9
25,2026-05-29T07:37:59Z,KMDW,2026-06-01,79.0,61.2
26,2026-05-29T07:37:59Z,KMDW,2026-06-02,76.3,57.9
27,2026-05-29T07:37:59Z,KMDW,2026-06-03,83.1,59.6
28,2026-05-29T07:37:59Z,KMDW,2026-06-04,84.0,64.2
43,2026-05-29T07:37:59Z,KMIA,2026-05-29,90.6,74.6
44,2026-05-29T07:37:59Z,KMIA,2026-05-30,85.3,74.3
45,2026-05-29T07:37:59Z,KMIA,2026-05-31,95.3,80.9
46,2026-05-29T07:37:59Z,KMIA,2026-06-01,98.2,80.2
47,2026-05-29T07:37:59Z,KMIA,2026-06-02,92.3,81.3
48,2026-05-29T07:37:59Z,KMIA,2026-06-03,90.6,79.8
49,2026-05-29T07:37:59Z,KMIA,2026-06-04,87.8,80.9
50,2026-05-29T07:37:59Z,KMSP,2026-05-29,87.2,62.0
51,2026-05-29T07:37:59Z,KMSP,2026-05-30,84.0,64.7
52,2026-05-29T07:37:59Z,KMSP,2026-05-31,78.0,58.0
53,2026-05-29T07:37:59Z,KMSP,2026-06-01,84.8,62.9
54,2026-05-29T07:37:59Z,KMSP,2026-06-02,85.9,65.2
55,2026-05-29T07:37:59Z,KMSP,2026-06-03,85.0,65.2
56,2026-05-29T07:37:59Z,KMSP,2026-06-04,83.0,65.9
57,2026-05-29T07:37:59Z,KMSY,2026-05-29,85.9,71.6
58,2026-05-29T07:37:59Z,KMSY,2026-05-30,86.2,72.9
59,2026-05-29T07:37:59Z,KMSY,2026-05-31,92.1,72.1
60,2026-05-29T07:37:59Z,KMSY,2026-06-01,91.4,73.0
61,2026-05-29T07:37:59Z,KMSY,2026-06-02,91.2,70.7
62,2026-05-29T07:37:59Z,KMSY,2026-06-03,91.9,71.8
63,2026-05-29T07:37:59Z,KMSY,2026-06-04,92.2,71.7
64,2026-05-29T07:37:59Z,KNYC,2026-05-29,78.5,55.4
65,2026-05-29T07:37:59Z,KNYC,2026-05-30,69.4,51.0
66,2026-05-29T07:37:59Z,KNYC,2026-05-31,76.8,53.1
67,2026-05-29T07:37:59Z,KNYC,2026-06-01,75.6,57.4
68,2026-05-29T07:37:59Z,KNYC,2026-06-02,57.0,53.3
69,2026-05-29T07:37:59Z,KNYC,2026-06-03,57.6,55.6
70,2026-05-29T07:37:59Z,KNYC,2026-06-04,68.6,55.4
71,2026-05-29T07:37:59Z,KPHL,2026-05-29,78.2,54.4
72,2026-05-29T07:37:59Z,KPHL,2026-05-30,68.6,55.8
73,2026-05-29T07:37:59Z,KPHL,2026-05-31,75.2,52.7
74,2026-05-29T07:37:59Z,KPHL,2026-06-01,78.1,57.4
75,2026-05-29T07:37:59Z,KPHL,2026-06-02,63.9,55.6
76,2026-05-29T07:37:59Z,KPHL,2026-06-03,63.4,55.4
77,2026-05-29T07:37:59Z,KPHL,2026-06-04,76.1,55.6
78,2026-05-29T07:37:59Z,KPHX,2026-05-29,86.7,63.6
79,2026-05-29T07:37:59Z,KPHX,2026-05-30,90.9,60.0
80,2026-05-29T07:37:59Z,KPHX,2026-05-31,97.0,79.9
81,2026-05-29T07:37:59Z,KPHX,2026-06-01,100.4,83.8
82,2026-05-29T07:37:59Z,KPHX,2026-06-02,104.4,84.7
83,2026-05-29T07:37:59Z,KPHX,2026-06-03,105.3,86.2
84,2026-05-29T07:37:59Z,KPHX,2026-06-04,104.6,86.7
85,2026-05-29T07:37:59Z,KSAT,2026-05-29,87.7,71.7
86,2026-05-29T07:37:59Z,KSAT,2026-05-30,88.2,71.5
87,2026-05-29T07:37:59Z,KSAT,2026-05-31,91.6,73.4
88,2026-05-29T07:37:59Z,KSAT,2026-06-01,92.3,73.0
89,2026-05-29T07:37:59Z,KSAT,2026-06-02,88.0,72.1
90,2026-05-29T07:37:59Z,KSAT,2026-06-03,84.7,72.2
91,2026-05-29T07:37:59Z,KSAT,2026-06-04,89.6,70.5
99,2026-05-29T07:37:59Z,KSEA,2026-05-29,57.6,48.4
100,2026-05-29T07:37:59Z,KSEA,2026-05-30,62.3,46.9
101,2026-05-29T07:37:59Z,KSEA,2026-05-31,65.8,43.3
102,2026-05-29T07:37:59Z,KSEA,2026-06-01,74.4,47.4
103,2026-05-29T07:37:59Z,KSEA,2026-06-02,84.7,52.1
104,2026-05-29T07:37:59Z,KSEA,2026-06-03,59.6,55.2
105,2026-05-29T07:37:59Z,KSEA,2026-06-04,76.2,53.5
92,2026-05-29T07:37:59Z,KSFO,2026-05-29,60.7,51.0
93,2026-05-29T07:37:59Z,KSFO,2026-05-30,64.2,50.0
94,2026-05-29T07:37:59Z,KSFO,2026-05-31,72.1,51.6
95,2026-05-29T07:37:59Z,KSFO,2026-06-01,71.7,52.7
96,2026-05-29T07:37:59Z,KSFO,2026-06-02,65.4,53.0
97,2026-05-29T07:37:59Z,KSFO,2026-06-03,68.3,53.2
98,2026-05-29T07:37:59Z,KSFO,2026-06-04,68.5,54.5
1,2026-05-29T09:26:01Z,KATL,2026-05-29,81.8,71.4
2,2026-05-29T09:26:01Z,KATL,2026-05-30,81.0,69.6
3,2026-05-29T09:26:01Z,KATL,2026-05-31,72.6,64.3
4,2026-05-29T09:26:01Z,KATL,2026-06-01,89.5,65.9
5,2026-05-29T09:26:01Z,KATL,2026-06-02,83.5,70.2
6,2026-05-29T09:26:01Z,KATL,2026-06-03,85.9,63.6
7,2026-05-29T09:26:01Z,KATL,2026-06-04,86.1,70.1
8,2026-05-29T09:26:01Z,KAUS,2026-05-29,91.4,72.9
9,2026-05-29T09:26:01Z,KAUS,2026-05-30,88.5,72.1
10,2026-05-29T09:26:01Z,KAUS,2026-05-31,90.7,70.7
11,2026-05-29T09:26:01Z,KAUS,2026-06-01,93.0,71.4
12,2026-05-29T09:26:01Z,KAUS,2026-06-02,91.9,70.9
13,2026-05-29T09:26:01Z,KAUS,2026-06-03,84.9,70.7
14,2026-05-29T09:26:01Z,KAUS,2026-06-04,91.7,69.3
15,2026-05-29T09:26:01Z,KBOS,2026-05-29,71.0,51.0
16,2026-05-29T09:26:01Z,KBOS,2026-05-30,57.3,45.7
17,2026-05-29T09:26:01Z,KBOS,2026-05-31,66.0,45.5
18,2026-05-29T09:26:01Z,KBOS,2026-06-01,66.0,54.5
19,2026-05-29T09:26:01Z,KBOS,2026-06-02,56.5,54.2
20,2026-05-29T09:26:01Z,KBOS,2026-06-03,59.2,55.9
21,2026-05-29T09:26:01Z,KBOS,2026-06-04,60.9,55.5
106,2026-05-29T09:26:01Z,KDCA,2026-05-29,80.4,56.3
107,2026-05-29T09:26:01Z,KDCA,2026-05-30,72.0,59.7
108,2026-05-29T09:26:01Z,KDCA,2026-05-31,77.3,51.7
109,2026-05-29T09:26:01Z,KDCA,2026-06-01,79.3,58.0
110,2026-05-29T09:26:01Z,KDCA,2026-06-02,71.2,56.2
111,2026-05-29T09:26:01Z,KDCA,2026-06-03,72.6,58.8
112,2026-05-29T09:26:01Z,KDCA,2026-06-04,84.0,57.0
29,2026-05-29T09:26:01Z,KIAH,2026-05-29,91.2,71.5
30,2026-05-29T09:26:01Z,KIAH,2026-05-30,90.9,71.9
31,2026-05-29T09:26:01Z,KIAH,2026-05-31,94.0,76.9
32,2026-05-29T09:26:01Z,KIAH,2026-06-01,94.9,77.5
33,2026-05-29T09:26:01Z,KIAH,2026-06-02,91.9,77.5
34,2026-05-29T09:26:01Z,KIAH,2026-06-03,89.4,76.9
35,2026-05-29T09:26:01Z,KIAH,2026-06-04,94.0,77.0
36,2026-05-29T09:26:01Z,KLAS,2026-05-29,80.6,64.4
37,2026-05-29T09:26:01Z,KLAS,2026-05-30,89.9,60.8
38,2026-05-29T09:26:01Z,KLAS,2026-05-31,92.9,76.3
39,2026-05-29T09:26:01Z,KLAS,2026-06-01,99.7,79.2
40,2026-05-29T09:26:01Z,KLAS,2026-06-02,101.0,80.8
41,2026-05-29T09:26:01Z,KLAS,2026-06-03,101.8,82.8
42,2026-05-29T09:26:01Z,KLAS,2026-06-04,102.6,81.5
43,2026-05-29T09:26:01Z,KLAX,2026-05-29,66.5,52.2
44,2026-05-29T09:26:01Z,KLAX,2026-05-30,69.2,55.9
45,2026-05-29T09:26:01Z,KLAX,2026-05-31,72.1,63.1
46,2026-05-29T09:26:01Z,KLAX,2026-06-01,74.1,64.7
47,2026-05-29T09:26:01Z,KLAX,2026-06-02,72.8,63.6
48,2026-05-29T09:26:01Z,KLAX,2026-06-03,74.2,64.5
49,2026-05-29T09:26:01Z,KLAX,2026-06-04,75.3,65.3
22,2026-05-29T09:26:01Z,KMDW,2026-05-29,84.1,50.5
23,2026-05-29T09:26:01Z,KMDW,2026-05-30,70.6,55.0
24,2026-05-29T09:26:01Z,KMDW,2026-05-31,77.7,56.9
25,2026-05-29T09:26:01Z,KMDW,2026-06-01,79.0,61.2
26,2026-05-29T09:26:01Z,KMDW,2026-06-02,76.3,57.9
27,2026-05-29T09:26:01Z,KMDW,2026-06-03,83.1,59.6
28,2026-05-29T09:26:01Z,KMDW,2026-06-04,84.0,64.2
50,2026-05-29T09:26:01Z,KMIA,2026-05-29,89.6,74.3
51,2026-05-29T09:26:01Z,KMIA,2026-05-30,89.8,75.0
52,2026-05-29T09:26:01Z,KMIA,2026-05-31,95.3,79.7
53,2026-05-29T09:26:01Z,KMIA,2026-06-01,98.2,80.2
54,2026-05-29T09:26:01Z,KMIA,2026-06-02,92.3,81.3
55,2026-05-29T09:26:01Z,KMIA,2026-06-03,90.6,79.8
56,2026-05-29T09:26:01Z,KMIA,2026-06-04,87.8,80.9
57,2026-05-29T09:26:01Z,KNYC,2026-05-29,78.1,56.2
58,2026-05-29T09:26:01Z,KNYC,2026-05-30,69.9,50.9
59,2026-05-29T09:26:01Z,KNYC,2026-05-31,76.8,51.5
60,2026-05-29T09:26:01Z,KNYC,2026-06-01,75.6,57.4
61,2026-05-29T09:26:01Z,KNYC,2026-06-02,57.0,53.3
62,2026-05-29T09:26:01Z,KNYC,2026-06-03,57.6,55.6
63,2026-05-29T09:26:01Z,KNYC,2026-06-04,68.6,55.4
64,2026-05-29T09:26:01Z,KOKC,2026-05-29,93.9,67.8
65,2026-05-29T09:26:01Z,KOKC,2026-05-30,95.7,71.6
66,2026-05-29T09:26:01Z,KOKC,2026-05-31,96.3,70.0
67,2026-05-29T09:26:01Z,KOKC,2026-06-01,95.9,73.9
68,2026-05-29T09:26:01Z,KOKC,2026-06-02,95.2,68.2
69,2026-05-29T09:26:01Z,KOKC,2026-06-03,77.9,67.9
70,2026-05-29T09:26:01Z,KOKC,2026-06-04,76.9,66.3
71,2026-05-29T09:26:01Z,KPHL,2026-05-29,77.7,54.8
72,2026-05-29T09:26:01Z,KPHL,2026-05-30,67.5,55.3
73,2026-05-29T09:26:01Z,KPHL,2026-05-31,75.2,52.7
74,2026-05-29T09:26:01Z,KPHL,2026-06-01,78.1,57.4
75,2026-05-29T09:26:01Z,KPHL,2026-06-02,63.9,55.6
76,2026-05-29T09:26:01Z,KPHL,2026-06-03,63.4,55.4
77,2026-05-29T09:26:01Z,KPHL,2026-06-04,76.1,55.6
78,2026-05-29T09:26:01Z,KPHX,2026-05-29,86.3,65.7
79,2026-05-29T09:26:01Z,KPHX,2026-05-30,92.6,61.1
80,2026-05-29T09:26:01Z,KPHX,2026-05-31,97.0,79.9
81,2026-05-29T09:26:01Z,KPHX,2026-06-01,100.4,83.8
82,2026-05-29T09:26:01Z,KPHX,2026-06-02,104.4,84.7
83,2026-05-29T09:26:01Z,KPHX,2026-06-03,105.3,86.2
84,2026-05-29T09:26:01Z,KPHX,2026-06-04,104.6,86.7
85,2026-05-29T09:26:01Z,KSAT,2026-05-29,88.3,72.6
86,2026-05-29T09:26:01Z,KSAT,2026-05-30,86.6,71.3
87,2026-05-29T09:26:01Z,KSAT,2026-05-31,91.6,73.4
88,2026-05-29T09:26:01Z,KSAT,2026-06-01,92.3,73.0
89,2026-05-29T09:26:01Z,KSAT,2026-06-02,88.0,72.1
90,2026-05-29T09:26:01Z,KSAT,2026-06-03,84.7,72.2
91,2026-05-29T09:26:01Z,KSAT,2026-06-04,89.6,70.5
99,2026-05-29T09:26:01Z,KSEA,2026-05-29,57.4,48.7
100,2026-05-29T09:26:01Z,KSEA,2026-05-30,59.1,47.4
101,2026-05-29T09:26:01Z,KSEA,2026-05-31,65.8,43.3
102,2026-05-29T09:26:01Z,KSEA,2026-06-01,74.4,47.4
103,2026-05-29T09:26:01Z,KSEA,2026-06-02,84.7,52.1
104,2026-05-29T09:26:01Z,KSEA,2026-06-03,59.6,55.2
105,2026-05-29T09:26:01Z,KSEA,2026-06-04,76.2,53.5
92,2026-05-29T09:26:01Z,KSFO,2026-05-29,61.3,51.4
93,2026-05-29T09:26:01Z,KSFO,2026-05-30,64.6,49.9
94,2026-05-29T09:26:01Z,KSFO,2026-05-31,72.1,51.6
95,2026-05-29T09:26:01Z,KSFO,2026-06-01,71.7,52.7
96,2026-05-29T09:26:01Z,KSFO,2026-06-02,65.4,53.0
97,2026-05-29T09:26:01Z,KSFO,2026-06-03,68.3,53.2
98,2026-05-29T09:26:01Z,KSFO,2026-06-04,68.5,54.5
1,2026-05-29T10:53:14Z,KATL,2026-05-29,82.3,72.1
2,2026-05-29T10:53:14Z,KATL,2026-05-30,81.0,69.6
3,2026-05-29T10:53:14Z,KATL,2026-05-31,72.6,64.3
4,2026-05-29T10:53:14Z,KATL,2026-06-01,89.5,65.9
5,2026-05-29T10:53:14Z,KATL,2026-06-02,83.5,70.2
6,2026-05-29T10:53:14Z,KATL,2026-06-03,85.9,63.6
7,2026-05-29T10:53:14Z,KATL,2026-06-04,86.1,70.1
8,2026-05-29T10:53:14Z,KAUS,2026-05-29,91.8,72.6
9,2026-05-29T10:53:14Z,KAUS,2026-05-30,88.5,72.1
10,2026-05-29T10:53:14Z,KAUS,2026-05-31,90.7,70.7
11,2026-05-29T10:53:14Z,KAUS,2026-06-01,93.0,71.4
12,2026-05-29T10:53:14Z,KAUS,2026-06-02,91.9,70.9
13,2026-05-29T10:53:14Z,KAUS,2026-06-03,84.9,70.7
14,2026-05-29T10:53:14Z,KAUS,2026-06-04,91.7,69.3
15,2026-05-29T10:53:14Z,KBOS,2026-05-29,71.3,51.5
16,2026-05-29T10:53:14Z,KBOS,2026-05-30,57.3,45.7
17,2026-05-29T10:53:14Z,KBOS,2026-05-31,66.0,45.5
18,2026-05-29T10:53:14Z,KBOS,2026-06-01,66.0,54.5
19,2026-05-29T10:53:14Z,KBOS,2026-06-02,56.5,54.2
20,2026-05-29T10:53:14Z,KBOS,2026-06-03,59.2,55.9
21,2026-05-29T10:53:14Z,KBOS,2026-06-04,60.9,55.5
99,2026-05-29T10:53:14Z,KDCA,2026-05-29,80.2,55.5
100,2026-05-29T10:53:14Z,KDCA,2026-05-30,72.0,59.7
101,2026-05-29T10:53:14Z,KDCA,2026-05-31,77.3,51.7
102,2026-05-29T10:53:14Z,KDCA,2026-06-01,79.3,58.0
103,2026-05-29T10:53:14Z,KDCA,2026-06-02,71.2,56.2
104,2026-05-29T10:53:14Z,KDCA,2026-06-03,72.6,58.8
105,2026-05-29T10:53:14Z,KDCA,2026-06-04,84.0,57.0
29,2026-05-29T10:53:14Z,KDEN,2026-05-29,85.1,58.2
30,2026-05-29T10:53:14Z,KDEN,2026-05-30,81.3,52.6
31,2026-05-29T10:53:14Z,KDEN,2026-05-31,81.8,52.3
32,2026-05-29T10:53:14Z,KDEN,2026-06-01,80.3,50.3
33,2026-05-29T10:53:14Z,KDEN,2026-06-02,83.8,50.6
34,2026-05-29T10:53:14Z,KDEN,2026-06-03,84.2,54.7
35,2026-05-29T10:53:14Z,KDEN,2026-06-04,92.0,57.7
22,2026-05-29T10:53:14Z,KDFW,2026-05-29,93.1,71.6
23,2026-05-29T10:53:14Z,KDFW,2026-05-30,94.8,73.1
24,2026-05-29T10:53:14Z,KDFW,2026-05-31,95.6,76.7
25,2026-05-29T10:53:14Z,KDFW,2026-06-01,96.3,77.4
26,2026-05-29T10:53:14Z,KDFW,2026-06-02,99.4,78.0
27,2026-05-29T10:53:14Z,KDFW,2026-06-03,87.2,74.6
28,2026-05-29T10:53:14Z,KDFW,2026-06-04,90.0,74.2
36,2026-05-29T10:53:14Z,KIAH,2026-05-29,91.3,71.9
37,2026-05-29T10:53:14Z,KIAH,2026-05-30,90.9,71.9
38,2026-05-29T10:53:14Z,KIAH,2026-05-31,94.0,76.9
39,2026-05-29T10:53:14Z,KIAH,2026-06-01,94.9,77.5
40,2026-05-29T10:53:14Z,KIAH,2026-06-02,91.9,77.5
41,2026-05-29T10:53:14Z,KIAH,2026-06-03,89.4,76.9
42,2026-05-29T10:53:14Z,KIAH,2026-06-04,94.0,77.0
43,2026-05-29T10:53:14Z,KLAS,2026-05-29,81.0,62.1
44,2026-05-29T10:53:14Z,KLAS,2026-05-30,89.9,60.8
45,2026-05-29T10:53:14Z,KLAS,2026-05-31,92.9,76.3
46,2026-05-29T10:53:14Z,KLAS,2026-06-01,99.7,79.2
47,2026-05-29T10:53:14Z,KLAS,2026-06-02,101.0,80.8
48,2026-05-29T10:53:14Z,KLAS,2026-06-03,101.8,82.8
49,2026-05-29T10:53:14Z,KLAS,2026-06-04,102.6,81.5
50,2026-05-29T10:53:14Z,KMIA,2026-05-29,87.4,74.3
51,2026-05-29T10:53:14Z,KMIA,2026-05-30,89.8,75.0
52,2026-05-29T10:53:14Z,KMIA,2026-05-31,95.3,79.7
53,2026-05-29T10:53:14Z,KMIA,2026-06-01,98.2,80.2
54,2026-05-29T10:53:14Z,KMIA,2026-06-02,92.3,81.3
55,2026-05-29T10:53:14Z,KMIA,2026-06-03,90.6,79.8
56,2026-05-29T10:53:14Z,KMIA,2026-06-04,87.8,80.9
57,2026-05-29T10:53:14Z,KMSP,2026-05-29,87.6,61.8
58,2026-05-29T10:53:14Z,KMSP,2026-05-30,85.5,62.8
59,2026-05-29T10:53:14Z,KMSP,2026-05-31,78.0,58.0
60,2026-05-29T10:53:14Z,KMSP,2026-06-01,84.8,62.9
61,2026-05-29T10:53:14Z,KMSP,2026-06-02,85.9,65.2
62,2026-05-29T10:53:14Z,KMSP,2026-06-03,85.0,65.2
63,2026-05-29T10:53:14Z,KMSP,2026-06-04,83.0,65.9
64,2026-05-29T10:53:14Z,KMSY,2026-05-29,86.1,71.4
65,2026-05-29T10:53:14Z,KMSY,2026-05-30,86.2,73.0
66,2026-05-29T10:53:14Z,KMSY,2026-05-31,92.1,72.1
67,2026-05-29T10:53:14Z,KMSY,2026-06-01,91.4,73.0
68,2026-05-29T10:53:14Z,KMSY,2026-06-02,91.2,70.7
69,2026-05-29T10:53:14Z,KMSY,2026-06-03,91.9,71.8
70,2026-05-29T10:53:14Z,KMSY,2026-06-04,92.2,71.7
71,2026-05-29T10:53:14Z,KNYC,2026-05-29,78.6,56.2
72,2026-05-29T10:53:14Z,KNYC,2026-05-30,69.9,50.9
73,2026-05-29T10:53:14Z,KNYC,2026-05-31,76.8,51.5
74,2026-05-29T10:53:14Z,KNYC,2026-06-01,75.6,57.4
75,2026-05-29T10:53:14Z,KNYC,2026-06-02,57.0,53.3
76,2026-05-29T10:53:14Z,KNYC,2026-06-03,57.6,55.6
77,2026-05-29T10:53:14Z,KNYC,2026-06-04,68.6,55.4
78,2026-05-29T10:53:14Z,KPHX,2026-05-29,86.6,67.0
79,2026-05-29T10:53:14Z,KPHX,2026-05-30,92.6,61.1
80,2026-05-29T10:53:14Z,KPHX,2026-05-31,97.0,79.9
81,2026-05-29T10:53:14Z,KPHX,2026-06-01,100.4,83.8
82,2026-05-29T10:53:14Z,KPHX,2026-06-02,104.4,84.7
83,2026-05-29T10:53:14Z,KPHX,2026-06-03,105.3,86.2
84,2026-05-29T10:53:14Z,KPHX,2026-06-04,104.6,86.7
85,2026-05-29T10:53:14Z,KSAT,2026-05-29,88.4,72.6
86,2026-05-29T10:53:14Z,KSAT,2026-05-30,86.6,71.3
87,2026-05-29T10:53:14Z,KSAT,2026-05-31,91.6,73.4
88,2026-05-29T10:53:14Z,KSAT,2026-06-01,92.3,73.0
89,2026-05-29T10:53:14Z,KSAT,2026-06-02,88.0,72.1
90,2026-05-29T10:53:14Z,KSAT,2026-06-03,84.7,72.2
91,2026-05-29T10:53:14Z,KSAT,2026-06-04,89.6,70.5
92,2026-05-29T10:53:14Z,KSEA,2026-05-29,57.4,48.7
93,2026-05-29T10:53:14Z,KSEA,2026-05-30,59.1,47.4
94,2026-05-29T10:53:14Z,KSEA,2026-05-31,65.8,43.3
95,2026-05-29T10:53:14Z,KSEA,2026-06-01,74.4,47.4
96,2026-05-29T10:53:14Z,KSEA,2026-06-02,84.7,52.1
97,2026-05-29T10:53:14Z,KSEA,2026-06-03,59.6,55.2
98,2026-05-29T10:53:14Z,KSEA,2026-06-04,76.2,53.5
1,2026-05-29T12:12:19Z,KATL,2026-05-29,84.7,69.8
2,2026-05-29T12:12:19Z,KATL,2026-05-30,81.0,69.6
3,2026-05-29T12:12:19Z,KATL,2026-05-31,72.6,64.3
4,2026-05-29T12:12:19Z,KATL,2026-06-01,89.5,65.9
5,2026-05-29T12:12:19Z,KATL,2026-06-02,83.5,70.2
6,2026-05-29T12:12:19Z,KATL,2026-06-03,85.9,63.6
7,2026-05-29T12:12:19Z,KATL,2026-06-04,86.1,70.1
8,2026-05-29T12:12:19Z,KAUS,2026-05-29,91.6,72.6
9,2026-05-29T12:12:19Z,KAUS,2026-05-30,88.5,72.1
10,2026-05-29T12:12:19Z,KAUS,2026-05-31,90.7,70.7
11,2026-05-29T12:12:19Z,KAUS,2026-06-01,93.0,71.4
12,2026-05-29T12:12:19Z,KAUS,2026-06-02,91.9,70.9
13,2026-05-29T12:12:19Z,KAUS,2026-06-03,84.9,70.7
14,2026-05-29T12:12:19Z,KAUS,2026-06-04,91.7,69.3
15,2026-05-29T12:12:19Z,KBOS,2026-05-29,70.1,51.5
16,2026-05-29T12:12:19Z,KBOS,2026-05-30,57.2,45.7
17,2026-05-29T12:12:19Z,KBOS,2026-05-31,66.0,45.5
18,2026-05-29T12:12:19Z,KBOS,2026-06-01,66.0,54.5
19,2026-05-29T12:12:19Z,KBOS,2026-06-02,56.5,54.2
20,2026-05-29T12:12:19Z,KBOS,2026-06-03,59.2,55.9
21,2026-05-29T12:12:19Z,KBOS,2026-06-04,60.9,55.5
106,2026-05-29T12:12:19Z,KDCA,2026-05-29,79.4,54.7
107,2026-05-29T12:12:19Z,KDCA,2026-05-30,72.0,59.7
108,2026-05-29T12:12:19Z,KDCA,2026-05-31,77.3,51.7
109,2026-05-29T12:12:19Z,KDCA,2026-06-01,79.3,58.0
110,2026-05-29T12:12:19Z,KDCA,2026-06-02,71.2,56.2
111,2026-05-29T12:12:19Z,KDCA,2026-06-03,72.6,58.8
112,2026-05-29T12:12:19Z,KDCA,2026-06-04,84.0,57.0
29,2026-05-29T12:12:19Z,KDEN,2026-05-29,86.0,58.2
30,2026-05-29T12:12:19Z,KDEN,2026-05-30,81.3,52.6
31,2026-05-29T12:12:19Z,KDEN,2026-05-31,81.8,52.3
32,2026-05-29T12:12:19Z,KDEN,2026-06-01,80.3,50.3
33,2026-05-29T12:12:19Z,KDEN,2026-06-02,83.8,50.6
34,2026-05-29T12:12:19Z,KDEN,2026-06-03,84.2,54.7
35,2026-05-29T12:12:19Z,KDEN,2026-06-04,92.0,57.7
22,2026-05-29T12:12:19Z,KDFW,2026-05-29,93.7,72.2
23,2026-05-29T12:12:19Z,KDFW,2026-05-30,94.8,73.1
24,2026-05-29T12:12:19Z,KDFW,2026-05-31,95.6,76.7
25,2026-05-29T12:12:19Z,KDFW,2026-06-01,96.3,77.4
26,2026-05-29T12:12:19Z,KDFW,2026-06-02,99.4,78.0
27,2026-05-29T12:12:19Z,KDFW,2026-06-03,87.2,74.6
28,2026-05-29T12:12:19Z,KDFW,2026-06-04,90.0,74.2
36,2026-05-29T12:12:19Z,KIAH,2026-05-29,90.9,72.1
37,2026-05-29T12:12:19Z,KIAH,2026-05-30,90.9,71.9
38,2026-05-29T12:12:19Z,KIAH,2026-05-31,94.0,76.9
39,2026-05-29T12:12:19Z,KIAH,2026-06-01,94.9,77.5
40,2026-05-29T12:12:19Z,KIAH,2026-06-02,91.9,77.5
41,2026-05-29T12:12:19Z,KIAH,2026-06-03,89.4,76.9
42,2026-05-29T12:12:19Z,KIAH,2026-06-04,94.0,77.0
43,2026-05-29T12:12:19Z,KLAS,2026-05-29,81.2,63.0
44,2026-05-29T12:12:19Z,KLAS,2026-05-30,89.9,60.8
45,2026-05-29T12:12:19Z,KLAS,2026-05-31,92.9,76.3
46,2026-05-29T12:12:19Z,KLAS,2026-06-01,99.7,79.2
47,2026-05-29T12:12:19Z,KLAS,2026-06-02,101.0,80.8
48,2026-05-29T12:12:19Z,KLAS,2026-06-03,101.8,82.8
49,2026-05-29T12:12:19Z,KLAS,2026-06-04,102.6,81.5
50,2026-05-29T12:12:19Z,KLAX,2026-05-29,66.7,54.0
51,2026-05-29T12:12:19Z,KLAX,2026-05-30,69.2,55.9
52,2026-05-29T12:12:19Z,KLAX,2026-05-31,72.1,63.1
53,2026-05-29T12:12:19Z,KLAX,2026-06-01,74.1,64.7
54,2026-05-29T12:12:19Z,KLAX,2026-06-02,72.8,63.6
55,2026-05-29T12:12:19Z,KLAX,2026-06-03,74.2,64.5
56,2026-05-29T12:12:19Z,KLAX,2026-06-04,75.3,65.3
57,2026-05-29T12:12:19Z,KMSP,2026-05-29,87.6,62.6
58,2026-05-29T12:12:19Z,KMSP,2026-05-30,85.5,62.8
59,2026-05-29T12:12:19Z,KMSP,2026-05-31,78.0,58.0
60,2026-05-29T12:12:19Z,KMSP,2026-06-01,84.8,62.9
61,2026-05-29T12:12:19Z,KMSP,2026-06-02,85.9,65.2
62,2026-05-29T12:12:19Z,KMSP,2026-06-03,85.0,65.2
63,2026-05-29T12:12:19Z,KMSP,2026-06-04,83.0,65.9
64,2026-05-29T12:12:19Z,KMSY,2026-05-29,85.9,71.3
65,2026-05-29T12:12:19Z,KMSY,2026-05-30,86.2,73.0
66,2026-05-29T12:12:19Z,KMSY,2026-05-31,92.1,72.1
67,2026-05-29T12:12:19Z,KMSY,2026-06-01,91.4,73.0
68,2026-05-29T12:12:19Z,KMSY,2026-06-02,91.2,70.7
69,2026-05-29T12:12:19Z,KMSY,2026-06-03,91.9,71.8
70,2026-05-29T12:12:19Z,KMSY,2026-06-04,92.2,71.7
71,2026-05-29T12:12:19Z,KNYC,2026-05-29,78.6,56.2
72,2026-05-29T12:12:19Z,KNYC,2026-05-30,68.9,50.9
73,2026-05-29T12:12:19Z,KNYC,2026-05-31,76.8,51.5
74,2026-05-29T12:12:19Z,KNYC,2026-06-01,75.6,57.4
75,2026-05-29T12:12:19Z,KNYC,2026-06-02,57.0,53.3
76,2026-05-29T12:12:19Z,KNYC,2026-06-03,57.6,55.6
77,2026-05-29T12:12:19Z,KNYC,2026-06-04,68.6,55.4
78,2026-05-29T12:12:19Z,KOKC,2026-05-29,94.3,67.9
79,2026-05-29T12:12:19Z,KOKC,2026-05-30,95.7,71.6
80,2026-05-29T12:12:19Z,KOKC,2026-05-31,96.3,70.0
81,2026-05-29T12:12:19Z,KOKC,2026-06-01,95.9,73.9
82,2026-05-29T12:12:19Z,KOKC,2026-06-02,95.2,68.2
83,2026-05-29T12:12:19Z,KOKC,2026-06-03,77.9,67.9
84,2026-05-29T12:12:19Z,KOKC,2026-06-04,76.9,66.3
85,2026-05-29T12:12:19Z,KPHX,2026-05-29,86.3,67.4
86,2026-05-29T12:12:19Z,KPHX,2026-05-30,92.6,61.1
87,2026-05-29T12:12:19Z,KPHX,2026-05-31,97.0,79.9
88,2026-05-29T12:12:19Z,KPHX,2026-06-01,100.4,83.8
89,2026-05-29T12:12:19Z,KPHX,2026-06-02,104.4,84.7
90,2026-05-29T12:12:19Z,KPHX,2026-06-03,105.3,86.2
91,2026-05-29T12:12:19Z,KPHX,2026-06-04,104.6,86.7
92,2026-05-29T12:12:19Z,KSAT,2026-05-29,88.5,72.6
93,2026-05-29T12:12:19Z,KSAT,2026-05-30,86.6,71.3
94,2026-05-29T12:12:19Z,KSAT,2026-05-31,91.6,73.4
95,2026-05-29T12:12:19Z,KSAT,2026-06-01,92.3,73.0
96,2026-05-29T12:12:19Z,KSAT,2026-06-02,88.0,72.1
97,2026-05-29T12:12:19Z,KSAT,2026-06-03,84.7,72.2
98,2026-05-29T12:12:19Z,KSAT,2026-06-04,89.6,70.5
99,2026-05-29T12:12:19Z,KSEA,2026-05-29,57.4,48.7
100,2026-05-29T12:12:19Z,KSEA,2026-05-30,59.1,47.4
101,2026-05-29T12:12:19Z,KSEA,2026-05-31,65.8,43.3
102,2026-05-29T12:12:19Z,KSEA,2026-06-01,74.4,47.4
103,2026-05-29T12:12:19Z,KSEA,2026-06-02,84.7,52.1
104,2026-05-29T12:12:19Z,KSEA,2026-06-03,59.6,55.2
105,2026-05-29T12:12:19Z,KSEA,2026-06-04,76.2,53.5
1,2026-05-29T13:26:41Z,KATL,2026-05-29,83.4,71.4
2,2026-05-29T13:26:41Z,KATL,2026-05-30,81.0,69.6
3,2026-05-29T13:26:41Z,KATL,2026-05-31,72.6,64.3
4,2026-05-29T13:26:41Z,KATL,2026-06-01,89.5,65.9
5,2026-05-29T13:26:41Z,KATL,2026-06-02,83.5,70.2
6,2026-05-29T13:26:41Z,KATL,2026-06-03,85.9,63.6
7,2026-05-29T13:26:41Z,KATL,2026-06-04,86.1,70.1
8,2026-05-29T13:26:41Z,KAUS,2026-05-29,91.3,72.6
9,2026-05-29T13:26:41Z,KAUS,2026-05-30,88.5,72.1
10,2026-05-29T13:26:41Z,KAUS,2026-05-31,90.7,70.7
11,2026-05-29T13:26:41Z,KAUS,2026-06-01,93.0,71.4
12,2026-05-29T13:26:41Z,KAUS,2026-06-02,91.9,70.9
13,2026-05-29T13:26:41Z,KAUS,2026-06-03,84.9,70.7
14,2026-05-29T13:26:41Z,KAUS,2026-06-04,91.7,69.3
15,2026-05-29T13:26:41Z,KBOS,2026-05-29,70.1,51.5
16,2026-05-29T13:26:41Z,KBOS,2026-05-30,57.5,45.7
17,2026-05-29T13:26:41Z,KBOS,2026-05-31,66.0,45.5
18,2026-05-29T13:26:41Z,KBOS,2026-06-01,66.0,54.5
19,2026-05-29T13:26:41Z,KBOS,2026-06-02,56.5,54.2
20,2026-05-29T13:26:41Z,KBOS,2026-06-03,59.2,55.9
21,2026-05-29T13:26:41Z,KBOS,2026-06-04,60.9,55.5
106,2026-05-29T13:26:41Z,KDCA,2026-05-29,79.2,54.7
107,2026-05-29T13:26:41Z,KDCA,2026-05-30,72.0,59.7
108,2026-05-29T13:26:41Z,KDCA,2026-05-31,77.3,51.7
109,2026-05-29T13:26:41Z,KDCA,2026-06-01,79.3,58.0
110,2026-05-29T13:26:41Z,KDCA,2026-06-02,71.2,56.2
111,2026-05-29T13:26:41Z,KDCA,2026-06-03,72.6,58.8
112,2026-05-29T13:26:41Z,KDCA,2026-06-04,84.0,57.0
29,2026-05-29T13:26:41Z,KDEN,2026-05-29,83.5,58.2
30,2026-05-29T13:26:41Z,KDEN,2026-05-30,81.3,52.6
31,2026-05-29T13:26:41Z,KDEN,2026-05-31,81.8,52.3
32,2026-05-29T13:26:41Z,KDEN,2026-06-01,80.3,50.3
33,2026-05-29T13:26:41Z,KDEN,2026-06-02,83.8,50.6
34,2026-05-29T13:26:41Z,KDEN,2026-06-03,84.2,54.7
35,2026-05-29T13:26:41Z,KDEN,2026-06-04,92.0,57.7
22,2026-05-29T13:26:41Z,KDFW,2026-05-29,93.1,72.7
23,2026-05-29T13:26:41Z,KDFW,2026-05-30,94.8,73.1
24,2026-05-29T13:26:41Z,KDFW,2026-05-31,95.6,76.7
25,2026-05-29T13:26:41Z,KDFW,2026-06-01,96.3,77.4
26,2026-05-29T13:26:41Z,KDFW,2026-06-02,99.4,78.0
27,2026-05-29T13:26:41Z,KDFW,2026-06-03,87.2,74.6
28,2026-05-29T13:26:41Z,KDFW,2026-06-04,90.0,74.2
36,2026-05-29T13:26:41Z,KIAH,2026-05-29,90.6,72.5
37,2026-05-29T13:26:41Z,KIAH,2026-05-30,90.9,71.9
38,2026-05-29T13:26:41Z,KIAH,2026-05-31,94.0,76.9
39,2026-05-29T13:26:41Z,KIAH,2026-06-01,94.9,77.5
40,2026-05-29T13:26:41Z,KIAH,2026-06-02,91.9,77.5
41,2026-05-29T13:26:41Z,KIAH,2026-06-03,89.4,76.9
42,2026-05-29T13:26:41Z,KIAH,2026-06-04,94.0,77.0
43,2026-05-29T13:26:41Z,KLAX,2026-05-29,66.8,54.6
44,2026-05-29T13:26:41Z,KLAX,2026-05-30,69.2,55.9
45,2026-05-29T13:26:41Z,KLAX,2026-05-31,72.1,63.1
46,2026-05-29T13:26:41Z,KLAX,2026-06-01,74.1,64.7
47,2026-05-29T13:26:41Z,KLAX,2026-06-02,72.8,63.6
48,2026-05-29T13:26:41Z,KLAX,2026-06-03,74.2,64.5
49,2026-05-29T13:26:41Z,KLAX,2026-06-04,75.3,65.3
50,2026-05-29T13:26:41Z,KMIA,2026-05-29,85.3,73.4
51,2026-05-29T13:26:41Z,KMIA,2026-05-30,89.8,73.7
52,2026-05-29T13:26:41Z,KMIA,2026-05-31,95.3,79.7
53,2026-05-29T13:26:41Z,KMIA,2026-06-01,98.2,80.2
54,2026-05-29T13:26:41Z,KMIA,2026-06-02,92.3,81.3
55,2026-05-29T13:26:41Z,KMIA,2026-06-03,90.6,79.8
56,2026-05-29T13:26:41Z,KMIA,2026-06-04,87.8,80.9
57,2026-05-29T13:26:41Z,KMSP,2026-05-29,88.0,63.1
58,2026-05-29T13:26:41Z,KMSP,2026-05-30,85.5,62.8
59,2026-05-29T13:26:41Z,KMSP,2026-05-31,78.0,58.0
60,2026-05-29T13:26:41Z,KMSP,2026-06-01,84.8,62.9
61,2026-05-29T13:26:41Z,KMSP,2026-06-02,85.9,65.2
62,2026-05-29T13:26:41Z,KMSP,2026-06-03,85.0,65.2
63,2026-05-29T13:26:41Z,KMSP,2026-06-04,83.0,65.9
64,2026-05-29T13:26:41Z,KNYC,2026-05-29,77.9,56.2
65,2026-05-29T13:26:41Z,KNYC,2026-05-30,69.8,50.9
66,2026-05-29T13:26:41Z,KNYC,2026-05-31,76.8,51.5
67,2026-05-29T13:26:41Z,KNYC,2026-06-01,75.6,57.4
68,2026-05-29T13:26:41Z,KNYC,2026-06-02,57.0,53.3
69,2026-05-29T13:26:41Z,KNYC,2026-06-03,57.6,55.6
70,2026-05-29T13:26:41Z,KNYC,2026-06-04,68.6,55.4
71,2026-05-29T13:26:41Z,KOKC,2026-05-29,95.2,68.3
72,2026-05-29T13:26:41Z,KOKC,2026-05-30,95.7,71.6
73,2026-05-29T13:26:41Z,KOKC,2026-05-31,96.3,70.0
74,2026-05-29T13:26:41Z,KOKC,2026-06-01,95.9,73.9
75,2026-05-29T13:26:41Z,KOKC,2026-06-02,95.2,68.2
76,2026-05-29T13:26:41Z,KOKC,2026-06-03,77.9,67.9
77,2026-05-29T13:26:41Z,KOKC,2026-06-04,76.9,66.3
78,2026-05-29T13:26:41Z,KPHL,2026-05-29,77.9,55.0
79,2026-05-29T13:26:41Z,KPHL,2026-05-30,66.9,55.3
80,2026-05-29T13:26:41Z,KPHL,2026-05-31,75.2,52.7
81,2026-05-29T13:26:41Z,KPHL,2026-06-01,78.1,57.4
82,2026-05-29T13:26:41Z,KPHL,2026-06-02,63.9,55.6
83,2026-05-29T13:26:41Z,KPHL,2026-06-03,63.4,55.4
84,2026-05-29T13:26:41Z,KPHL,2026-06-04,76.1,55.6
85,2026-05-29T13:26:41Z,KPHX,2026-05-29,85.6,67.2
86,2026-05-29T13:26:41Z,KPHX,2026-05-30,92.6,61.1
87,2026-05-29T13:26:41Z,KPHX,2026-05-31,97.0,79.9
88,2026-05-29T13:26:41Z,KPHX,2026-06-01,100.4,83.8
89,2026-05-29T13:26:41Z,KPHX,2026-06-02,104.4,84.7
90,2026-05-29T13:26:41Z,KPHX,2026-06-03,105.3,86.2
91,2026-05-29T13:26:41Z,KPHX,2026-06-04,104.6,86.7
92,2026-05-29T13:26:41Z,KSAT,2026-05-29,87.8,72.6
93,2026-05-29T13:26:41Z,KSAT,2026-05-30,86.6,71.3
94,2026-05-29T13:26:41Z,KSAT,2026-05-31,91.6,73.4
95,2026-05-29T13:26:41Z,KSAT,2026-06-01,92.3,73.0
96,2026-05-29T13:26:41Z,KSAT,2026-06-02,88.0,72.1
97,2026-05-29T13:26:41Z,KSAT,2026-06-03,84.7,72.2
98,2026-05-29T13:26:41Z,KSAT,2026-06-04,89.6,70.5
99,2026-05-29T13:26:41Z,KSEA,2026-05-29,57.4,48.7
100,2026-05-29T13:26:41Z,KSEA,2026-05-30,59.1,47.4
101,2026-05-29T13:26:41Z,KSEA,2026-05-31,65.8,43.3
102,2026-05-29T13:26:41Z,KSEA,2026-06-01,74.4,47.4
103,2026-05-29T13:26:41Z,KSEA,2026-06-02,84.7,52.1
104,2026-05-29T13:26:41Z,KSEA,2026-06-03,59.6,55.2
105,2026-05-29T13:26:41Z,KSEA,2026-06-04,76.2,53.5
1,2026-05-29T13:42:36Z,KATL,2026-05-29,83.4,71.4
2,2026-05-29T13:42:36Z,KATL,2026-05-30,81.0,69.6
3,2026-05-29T13:42:36Z,KATL,2026-05-31,72.6,64.3
4,2026-05-29T13:42:36Z,KATL,2026-06-01,89.5,65.9
5,2026-05-29T13:42:36Z,KATL,2026-06-02,83.5,70.2
6,2026-05-29T13:42:36Z,KATL,2026-06-03,85.9,63.6
7,2026-05-29T13:42:36Z,KATL,2026-06-04,86.1,70.1
8,2026-05-29T13:42:36Z,KAUS,2026-05-29,91.3,72.6
9,2026-05-29T13:42:36Z,KAUS,2026-05-30,88.5,72.1
10,2026-05-29T13:42:36Z,KAUS,2026-05-31,90.7,70.7
11,2026-05-29T13:42:36Z,KAUS,2026-06-01,93.0,71.4
12,2026-05-29T13:42:36Z,KAUS,2026-06-02,91.9,70.9
13,2026-05-29T13:42:36Z,KAUS,2026-06-03,84.9,70.7
14,2026-05-29T13:42:36Z,KAUS,2026-06-04,91.7,69.3
15,2026-05-29T13:42:36Z,KBOS,2026-05-29,70.1,51.5
16,2026-05-29T13:42:36Z,KBOS,2026-05-30,57.5,45.7
17,2026-05-29T13:42:36Z,KBOS,2026-05-31,66.0,45.5
18,2026-05-29T13:42:36Z,KBOS,2026-06-01,66.0,54.5
19,2026-05-29T13:42:36Z,KBOS,2026-06-02,56.5,54.2
20,2026-05-29T13:42:36Z,KBOS,2026-06-03,59.2,55.9
21,2026-05-29T13:42:36Z,KBOS,2026-06-04,60.9,55.5
99,2026-05-29T13:42:36Z,KDCA,2026-05-29,79.2,54.7
100,2026-05-29T13:42:36Z,KDCA,2026-05-30,72.0,59.7
101,2026-05-29T13:42:36Z,KDCA,2026-05-31,77.1,51.4
102,2026-05-29T13:42:36Z,KDCA,2026-06-01,77.7,55.5
103,2026-05-29T13:42:36Z,KDCA,2026-06-02,75.1,55.7
104,2026-05-29T13:42:36Z,KDCA,2026-06-03,78.7,57.3
105,2026-05-29T13:42:36Z,KDCA,2026-06-04,85.0,63.1
29,2026-05-29T13:42:36Z,KDEN,2026-05-29,83.5,58.2
30,2026-05-29T13:42:36Z,KDEN,2026-05-30,81.3,52.6
31,2026-05-29T13:42:36Z,KDEN,2026-05-31,81.8,52.3
32,2026-05-29T13:42:36Z,KDEN,2026-06-01,80.3,50.3
33,2026-05-29T13:42:36Z,KDEN,2026-06-02,83.8,50.6
34,2026-05-29T13:42:36Z,KDEN,2026-06-03,84.2,54.7
35,2026-05-29T13:42:36Z,KDEN,2026-06-04,92.0,57.7
22,2026-05-29T13:42:36Z,KDFW,2026-05-29,93.1,72.7
23,2026-05-29T13:42:36Z,KDFW,2026-05-30,94.8,73.1
24,2026-05-29T13:42:36Z,KDFW,2026-05-31,95.6,76.7
25,2026-05-29T13:42:36Z,KDFW,2026-06-01,96.3,77.4
26,2026-05-29T13:42:36Z,KDFW,2026-06-02,99.4,78.0
27,2026-05-29T13:42:36Z,KDFW,2026-06-03,87.2,74.6
28,2026-05-29T13:42:36Z,KDFW,2026-06-04,90.0,74.2
36,2026-05-29T13:42:36Z,KIAH,2026-05-29,90.6,72.5
37,2026-05-29T13:42:36Z,KIAH,2026-05-30,90.9,71.9
38,2026-05-29T13:42:36Z,KIAH,2026-05-31,94.0,76.9
39,2026-05-29T13:42:36Z,KIAH,2026-06-01,94.9,77.5
40,2026-05-29T13:42:36Z,KIAH,2026-06-02,91.9,77.5
41,2026-05-29T13:42:36Z,KIAH,2026-06-03,89.4,76.9
42,2026-05-29T13:42:36Z,KIAH,2026-06-04,94.0,77.0
43,2026-05-29T13:42:36Z,KLAS,2026-05-29,80.8,63.1
44,2026-05-29T13:42:36Z,KLAS,2026-05-30,89.9,60.8
45,2026-05-29T13:42:36Z,KLAS,2026-05-31,92.9,76.3
46,2026-05-29T13:42:36Z,KLAS,2026-06-01,99.7,79.2
47,2026-05-29T13:42:36Z,KLAS,2026-06-02,101.0,80.8
48,2026-05-29T13:42:36Z,KLAS,2026-06-03,101.8,82.8
49,2026-05-29T13:42:36Z,KLAS,2026-06-04,102.6,81.5
50,2026-05-29T13:42:36Z,KMIA,2026-05-29,85.3,73.4
51,2026-05-29T13:42:36Z,KMIA,2026-05-30,89.8,73.7
52,2026-05-29T13:42:36Z,KMIA,2026-05-31,95.3,79.7
53,2026-05-29T13:42:36Z,KMIA,2026-06-01,98.2,80.2
54,2026-05-29T13:42:36Z,KMIA,2026-06-02,92.3,81.3
55,2026-05-29T13:42:36Z,KMIA,2026-06-03,90.6,79.8
56,2026-05-29T13:42:36Z,KMIA,2026-06-04,87.8,80.9
57,2026-05-29T13:42:36Z,KMSP,2026-05-29,88.0,63.1
58,2026-05-29T13:42:36Z,KMSP,2026-05-30,85.5,62.8
59,2026-05-29T13:42:36Z,KMSP,2026-05-31,78.0,58.0
60,2026-05-29T13:42:36Z,KMSP,2026-06-01,84.8,62.9
61,2026-05-29T13:42:36Z,KMSP,2026-06-02,85.9,65.2
62,2026-05-29T13:42:36Z,KMSP,2026-06-03,85.0,65.2
63,2026-05-29T13:42:36Z,KMSP,2026-06-04,83.0,65.9
64,2026-05-29T13:42:36Z,KMSY,2026-05-29,85.8,71.5
65,2026-05-29T13:42:36Z,KMSY,2026-05-30,86.2,73.0
66,2026-05-29T13:42:36Z,KMSY,2026-05-31,92.1,72.1
67,2026-05-29T13:42:36Z,KMSY,2026-06-01,91.4,73.0
68,2026-05-29T13:42:36Z,KMSY,2026-06-02,91.2,70.7
69,2026-05-29T13:42:36Z,KMSY,2026-06-03,91.9,71.8
70,2026-05-29T13:42:36Z,KMSY,2026-06-04,92.2,71.7
71,2026-05-29T13:42:36Z,KOKC,2026-05-29,95.2,68.3
72,2026-05-29T13:42:36Z,KOKC,2026-05-30,95.7,71.6
73,2026-05-29T13:42:36Z,KOKC,2026-05-31,97.3,70.9
74,2026-05-29T13:42:36Z,KOKC,2026-06-01,95.0,70.9
75,2026-05-29T13:42:36Z,KOKC,2026-06-02,93.4,70.9
76,2026-05-29T13:42:36Z,KOKC,2026-06-03,84.7,68.1
77,2026-05-29T13:42:36Z,KOKC,2026-06-04,89.2,64.8
78,2026-05-29T13:42:36Z,KPHL,2026-05-29,77.9,55.0
79,2026-05-29T13:42:36Z,KPHL,2026-05-30,66.9,55.3
80,2026-05-29T13:42:36Z,KPHL,2026-05-31,75.6,52.7
81,2026-05-29T13:42:36Z,KPHL,2026-06-01,78.3,59.0
82,2026-05-29T13:42:36Z,KPHL,2026-06-02,76.7,55.6
83,2026-05-29T13:42:36Z,KPHL,2026-06-03,80.3,58.5
84,2026-05-29T13:42:36Z,KPHL,2026-06-04,84.9,63.4
85,2026-05-29T13:42:36Z,KPHX,2026-05-29,85.6,67.2
86,2026-05-29T13:42:36Z,KPHX,2026-05-30,92.6,61.1
87,2026-05-29T13:42:36Z,KPHX,2026-05-31,97.3,80.1
88,2026-05-29T13:42:36Z,KPHX,2026-06-01,100.4,83.8
89,2026-05-29T13:42:36Z,KPHX,2026-06-02,103.6,84.4
90,2026-05-29T13:42:36Z,KPHX,2026-06-03,102.9,86.0
91,2026-05-29T13:42:36Z,KPHX,2026-06-04,103.1,85.3
92,2026-05-29T13:42:36Z,KSEA,2026-05-29,57.4,48.7
93,2026-05-29T13:42:36Z,KSEA,2026-05-30,59.1,47.4
94,2026-05-29T13:42:36Z,KSEA,2026-05-31,66.0,43.5
95,2026-05-29T13:42:36Z,KSEA,2026-06-01,73.0,46.0
96,2026-05-29T13:42:36Z,KSEA,2026-06-02,82.2,50.7
97,2026-05-29T13:42:36Z,KSEA,2026-06-03,65.9,53.0
98,2026-05-29T13:42:36Z,KSEA,2026-06-04,69.8,51.1
1,2026-05-29T15:21:16Z,KATL,2026-05-29,81.4,72.2
2,2026-05-29T15:21:16Z,KATL,2026-05-30,79.7,68.9
3,2026-05-29T15:21:16Z,KATL,2026-05-31,72.2,64.6
4,2026-05-29T15:21:16Z,KATL,2026-06-01,86.6,64.6
5,2026-05-29T15:21:16Z,KATL,2026-06-02,81.7,64.1
6,2026-05-29T15:21:16Z,KATL,2026-06-03,84.7,62.8
7,2026-05-29T15:21:16Z,KATL,2026-06-04,89.3,66.3
8,2026-05-29T15:21:16Z,KAUS,2026-05-29,91.8,72.6
9,2026-05-29T15:21:16Z,KAUS,2026-05-30,88.3,72.4
10,2026-05-29T15:21:16Z,KAUS,2026-05-31,92.1,70.8
11,2026-05-29T15:21:16Z,KAUS,2026-06-01,91.2,71.4
12,2026-05-29T15:21:16Z,KAUS,2026-06-02,93.9,70.0
13,2026-05-29T15:21:16Z,KAUS,2026-06-03,92.1,69.2
14,2026-05-29T15:21:16Z,KAUS,2026-06-04,88.3,68.9
15,2026-05-29T15:21:16Z,KBOS,2026-05-29,70.4,51.5
16,2026-05-29T15:21:16Z,KBOS,2026-05-30,56.3,43.7
17,2026-05-29T15:21:16Z,KBOS,2026-05-31,64.8,44.2
18,2026-05-29T15:21:16Z,KBOS,2026-06-01,57.8,51.1
19,2026-05-29T15:21:16Z,KBOS,2026-06-02,60.8,49.7
20,2026-05-29T15:21:16Z,KBOS,2026-06-03,61.1,51.6
21,2026-05-29T15:21:16Z,KBOS,2026-06-04,59.4,55.2
113,2026-05-29T15:21:16Z,KDCA,2026-05-29,79.5,54.7
114,2026-05-29T15:21:16Z,KDCA,2026-05-30,72.3,60.1
115,2026-05-29T15:21:16Z,KDCA,2026-05-31,77.1,50.0
116,2026-05-29T15:21:16Z,KDCA,2026-06-01,77.7,55.5
117,2026-05-29T15:21:16Z,KDCA,2026-06-02,75.1,55.7
118,2026-05-29T15:21:16Z,KDCA,2026-06-03,78.7,57.3
119,2026-05-29T15:21:16Z,KDCA,2026-06-04,85.0,63.1
29,2026-05-29T15:21:16Z,KDEN,2026-05-29,84.7,58.2
30,2026-05-29T15:21:16Z,KDEN,2026-05-30,78.9,52.4
31,2026-05-29T15:21:16Z,KDEN,2026-05-31,80.5,51.5
32,2026-05-29T15:21:16Z,KDEN,2026-06-01,78.9,53.3
33,2026-05-29T15:21:16Z,KDEN,2026-06-02,82.3,51.9
34,2026-05-29T15:21:16Z,KDEN,2026-06-03,83.8,55.9
35,2026-05-29T15:21:16Z,KDEN,2026-06-04,87.4,57.7
36,2026-05-29T15:21:16Z,KIAH,2026-05-29,90.6,72.5
37,2026-05-29T15:21:16Z,KIAH,2026-05-30,91.6,73.0
38,2026-05-29T15:21:16Z,KIAH,2026-05-31,93.1,74.3
39,2026-05-29T15:21:16Z,KIAH,2026-06-01,92.8,77.3
40,2026-05-29T15:21:16Z,KIAH,2026-06-02,94.4,74.8
41,2026-05-29T15:21:16Z,KIAH,2026-06-03,89.6,74.2
42,2026-05-29T15:21:16Z,KIAH,2026-06-04,87.7,75.1
43,2026-05-29T15:21:16Z,KLAS,2026-05-29,80.6,62.9
44,2026-05-29T15:21:16Z,KLAS,2026-05-30,90.0,61.7
45,2026-05-29T15:21:16Z,KLAS,2026-05-31,92.9,68.0
46,2026-05-29T15:21:16Z,KLAS,2026-06-01,99.6,80.3
47,2026-05-29T15:21:16Z,KLAS,2026-06-02,99.9,80.1
48,2026-05-29T15:21:16Z,KLAS,2026-06-03,100.5,81.0
49,2026-05-29T15:21:16Z,KLAS,2026-06-04,101.2,79.7
50,2026-05-29T15:21:16Z,KLAX,2026-05-29,66.9,55.1
51,2026-05-29T15:21:16Z,KLAX,2026-05-30,69.5,56.9
52,2026-05-29T15:21:16Z,KLAX,2026-05-31,72.1,56.4
53,2026-05-29T15:21:16Z,KLAX,2026-06-01,74.1,64.2
54,2026-05-29T15:21:16Z,KLAX,2026-06-02,72.3,63.3
55,2026-05-29T15:21:16Z,KLAX,2026-06-03,74.1,63.6
56,2026-05-29T15:21:16Z,KLAX,2026-06-04,73.2,63.6
22,2026-05-29T15:21:16Z,KMDW,2026-05-29,83.2,50.1
23,2026-05-29T15:21:16Z,KMDW,2026-05-30,73.3,56.0
24,2026-05-29T15:21:16Z,KMDW,2026-05-31,76.1,55.7
25,2026-05-29T15:21:16Z,KMDW,2026-06-01,76.8,59.0
26,2026-05-29T15:21:16Z,KMDW,2026-06-02,77.4,58.8
27,2026-05-29T15:21:16Z,KMDW,2026-06-03,81.7,61.7
28,2026-05-29T15:21:16Z,KMDW,2026-06-04,83.8,63.8
57,2026-05-29T15:21:16Z,KMSP,2026-05-29,88.2,63.1
58,2026-05-29T15:21:16Z,KMSP,2026-05-30,83.6,66.4
59,2026-05-29T15:21:16Z,KMSP,2026-05-31,78.3,59.1
60,2026-05-29T15:21:16Z,KMSP,2026-06-01,86.4,62.0
61,2026-05-29T15:21:16Z,KMSP,2026-06-02,85.0,64.7
62,2026-05-29T15:21:16Z,KMSP,2026-06-03,85.7,64.8
63,2026-05-29T15:21:16Z,KMSP,2026-06-04,86.1,66.8
64,2026-05-29T15:21:16Z,KMSY,2026-05-29,85.7,71.5
65,2026-05-29T15:21:16Z,KMSY,2026-05-30,85.7,72.6
66,2026-05-29T15:21:16Z,KMSY,2026-05-31,91.4,72.5
67,2026-05-29T15:21:16Z,KMSY,2026-06-01,92.6,73.2
68,2026-05-29T15:21:16Z,KMSY,2026-06-02,87.0,70.7
69,2026-05-29T15:21:16Z,KMSY,2026-06-03,86.0,71.7
70,2026-05-29T15:21:16Z,KMSY,2026-06-04,85.5,71.4
71,2026-05-29T15:21:16Z,KNYC,2026-05-29,77.7,56.2
72,2026-05-29T15:21:16Z,KNYC,2026-05-30,68.9,50.7
73,2026-05-29T15:21:16Z,KNYC,2026-05-31,75.9,45.3
74,2026-05-29T15:21:16Z,KNYC,2026-06-01,75.0,58.3
75,2026-05-29T15:21:16Z,KNYC,2026-06-02,75.4,52.2
76,2026-05-29T15:21:16Z,KNYC,2026-06-03,72.3,56.9
77,2026-05-29T15:21:16Z,KNYC,2026-06-04,85.9,63.5
78,2026-05-29T15:21:16Z,KOKC,2026-05-29,92.6,68.3
79,2026-05-29T15:21:16Z,KOKC,2026-05-30,92.5,70.3
80,2026-05-29T15:21:16Z,KOKC,2026-05-31,97.3,71.3
81,2026-05-29T15:21:16Z,KOKC,2026-06-01,95.0,70.9
82,2026-05-29T15:21:16Z,KOKC,2026-06-02,93.4,70.9
83,2026-05-29T15:21:16Z,KOKC,2026-06-03,84.7,68.1
84,2026-05-29T15:21:16Z,KOKC,2026-06-04,89.2,64.8
85,2026-05-29T15:21:16Z,KPHX,2026-05-29,85.4,68.2
86,2026-05-29T15:21:16Z,KPHX,2026-05-30,92.6,62.0
87,2026-05-29T15:21:16Z,KPHX,2026-05-31,97.3,70.1
88,2026-05-29T15:21:16Z,KPHX,2026-06-01,100.4,83.8
89,2026-05-29T15:21:16Z,KPHX,2026-06-02,103.6,84.4
90,2026-05-29T15:21:16Z,KPHX,2026-06-03,102.9,86.0
91,2026-05-29T15:21:16Z,KPHX,2026-06-04,103.1,85.3
92,2026-05-29T15:21:16Z,KSAT,2026-05-29,87.7,72.6
93,2026-05-29T15:21:16Z,KSAT,2026-05-30,87.2,71.6
94,2026-05-29T15:21:16Z,KSAT,2026-05-31,91.4,71.8
95,2026-05-29T15:21:16Z,KSAT,2026-06-01,91.0,72.7
96,2026-05-29T15:21:16Z,KSAT,2026-06-02,90.9,72.9
97,2026-05-29T15:21:16Z,KSAT,2026-06-03,84.9,70.3
98,2026-05-29T15:21:16Z,KSAT,2026-06-04,87.6,70.5
106,2026-05-29T15:21:16Z,KSEA,2026-05-29,57.4,49.5
107,2026-05-29T15:21:16Z,KSEA,2026-05-30,57.2,46.9
108,2026-05-29T15:21:16Z,KSEA,2026-05-31,66.0,43.3
109,2026-05-29T15:21:16Z,KSEA,2026-06-01,73.0,46.0
110,2026-05-29T15:21:16Z,KSEA,2026-06-02,82.2,50.7
111,2026-05-29T15:21:16Z,KSEA,2026-06-03,65.9,53.0
112,2026-05-29T15:21:16Z,KSEA,2026-06-04,69.8,51.1
99,2026-05-29T15:21:16Z,KSFO,2026-05-29,61.3,52.2
100,2026-05-29T15:21:16Z,KSFO,2026-05-30,65.5,49.8
101,2026-05-29T15:21:16Z,KSFO,2026-05-31,71.2,51.3
102,2026-05-29T15:21:16Z,KSFO,2026-06-01,69.0,52.3
103,2026-05-29T15:21:16Z,KSFO,2026-06-02,64.2,53.4
104,2026-05-29T15:21:16Z,KSFO,2026-06-03,66.3,53.1
105,2026-05-29T15:21:16Z,KSFO,2026-06-04,69.0,54.8
1,2026-05-29T16:52:42Z,KATL,2026-05-29,78.8,70.4
2,2026-05-29T16:52:42Z,KATL,2026-05-30,79.7,69.0
3,2026-05-29T16:52:42Z,KATL,2026-05-31,72.2,64.6
4,2026-05-29T16:52:42Z,KATL,2026-06-01,86.6,64.6
5,2026-05-29T16:52:42Z,KATL,2026-06-02,81.7,64.1
6,2026-05-29T16:52:42Z,KATL,2026-06-03,84.7,62.8
7,2026-05-29T16:52:42Z,KATL,2026-06-04,89.3,66.3
8,2026-05-29T16:52:42Z,KAUS,2026-05-29,92.2,72.6
9,2026-05-29T16:52:42Z,KAUS,2026-05-30,88.3,72.4
10,2026-05-29T16:52:42Z,KAUS,2026-05-31,92.1,70.8
11,2026-05-29T16:52:42Z,KAUS,2026-06-01,91.2,71.4
12,2026-05-29T16:52:42Z,KAUS,2026-06-02,93.9,70.0
13,2026-05-29T16:52:42Z,KAUS,2026-06-03,92.1,69.2
14,2026-05-29T16:52:42Z,KAUS,2026-06-04,88.3,68.9
15,2026-05-29T16:52:42Z,KBOS,2026-05-29,68.7,51.5
16,2026-05-29T16:52:42Z,KBOS,2026-05-30,56.4,43.7
17,2026-05-29T16:52:42Z,KBOS,2026-05-31,64.8,44.2
18,2026-05-29T16:52:42Z,KBOS,2026-06-01,57.8,51.1
19,2026-05-29T16:52:42Z,KBOS,2026-06-02,60.8,49.7
20,2026-05-29T16:52:42Z,KBOS,2026-06-03,61.1,51.6
21,2026-05-29T16:52:42Z,KBOS,2026-06-04,59.4,55.2
113,2026-05-29T16:52:42Z,KDCA,2026-05-29,79.8,54.7
114,2026-05-29T16:52:42Z,KDCA,2026-05-30,72.3,60.1
115,2026-05-29T16:52:42Z,KDCA,2026-05-31,77.1,50.0
116,2026-05-29T16:52:42Z,KDCA,2026-06-01,77.7,55.5
117,2026-05-29T16:52:42Z,KDCA,2026-06-02,75.1,55.7
118,2026-05-29T16:52:42Z,KDCA,2026-06-03,78.7,57.3
119,2026-05-29T16:52:42Z,KDCA,2026-06-04,85.0,63.1
29,2026-05-29T16:52:42Z,KDEN,2026-05-29,84.5,58.2
30,2026-05-29T16:52:42Z,KDEN,2026-05-30,78.9,52.4
31,2026-05-29T16:52:42Z,KDEN,2026-05-31,80.5,51.5
32,2026-05-29T16:52:42Z,KDEN,2026-06-01,78.9,53.3
33,2026-05-29T16:52:42Z,KDEN,2026-06-02,82.3,51.9
34,2026-05-29T16:52:42Z,KDEN,2026-06-03,83.8,55.9
35,2026-05-29T16:52:42Z,KDEN,2026-06-04,87.4,57.7
22,2026-05-29T16:52:42Z,KDFW,2026-05-29,92.3,72.7
23,2026-05-29T16:52:42Z,KDFW,2026-05-30,94.6,73.0
24,2026-05-29T16:52:42Z,KDFW,2026-05-31,96.3,74.8
25,2026-05-29T16:52:42Z,KDFW,2026-06-01,96.7,77.4
26,2026-05-29T16:52:42Z,KDFW,2026-06-02,95.1,74.6
27,2026-05-29T16:52:42Z,KDFW,2026-06-03,89.9,73.6
28,2026-05-29T16:52:42Z,KDFW,2026-06-04,86.9,74.5
36,2026-05-29T16:52:42Z,KIAH,2026-05-29,90.9,72.5
37,2026-05-29T16:52:42Z,KIAH,2026-05-30,91.6,73.0
38,2026-05-29T16:52:42Z,KIAH,2026-05-31,93.1,74.3
39,2026-05-29T16:52:42Z,KIAH,2026-06-01,92.8,77.3
40,2026-05-29T16:52:42Z,KIAH,2026-06-02,94.4,74.8
41,2026-05-29T16:52:42Z,KIAH,2026-06-03,89.6,74.2
42,2026-05-29T16:52:42Z,KIAH,2026-06-04,87.7,75.1
43,2026-05-29T16:52:42Z,KLAS,2026-05-29,81.0,62.9
44,2026-05-29T16:52:42Z,KLAS,2026-05-30,90.0,61.7
45,2026-05-29T16:52:42Z,KLAS,2026-05-31,92.9,68.0
46,2026-05-29T16:52:42Z,KLAS,2026-06-01,99.6,80.3
47,2026-05-29T16:52:42Z,KLAS,2026-06-02,99.9,80.1
48,2026-05-29T16:52:42Z,KLAS,2026-06-03,100.5,81.0
49,2026-05-29T16:52:42Z,KLAS,2026-06-04,101.2,79.7
50,2026-05-29T16:52:42Z,KMIA,2026-05-29,88.2,74.3
51,2026-05-29T16:52:42Z,KMIA,2026-05-30,86.8,75.1
52,2026-05-29T16:52:42Z,KMIA,2026-05-31,93.9,74.5
53,2026-05-29T16:52:42Z,KMIA,2026-06-01,97.1,80.4
54,2026-05-29T16:52:42Z,KMIA,2026-06-02,95.7,77.5
55,2026-05-29T16:52:42Z,KMIA,2026-06-03,81.0,77.3
56,2026-05-29T16:52:42Z,KMIA,2026-06-04,84.3,77.3
57,2026-05-29T16:52:42Z,KMSP,2026-05-29,88.1,63.1
58,2026-05-29T16:52:42Z,KMSP,2026-05-30,83.6,66.4
59,2026-05-29T16:52:42Z,KMSP,2026-05-31,78.3,59.1
60,2026-05-29T16:52:42Z,KMSP,2026-06-01,86.4,62.0
61,2026-05-29T16:52:42Z,KMSP,2026-06-02,85.0,64.7
62,2026-05-29T16:52:42Z,KMSP,2026-06-03,85.7,64.8
63,2026-05-29T16:52:42Z,KMSP,2026-06-04,86.1,66.8
64,2026-05-29T16:52:42Z,KMSY,2026-05-29,86.2,71.5
65,2026-05-29T16:52:42Z,KMSY,2026-05-30,85.7,72.6
66,2026-05-29T16:52:42Z,KMSY,2026-05-31,91.4,72.5
67,2026-05-29T16:52:42Z,KMSY,2026-06-01,92.6,73.2
68,2026-05-29T16:52:42Z,KMSY,2026-06-02,87.0,70.7
69,2026-05-29T16:52:42Z,KMSY,2026-06-03,86.0,71.7
70,2026-05-29T16:52:42Z,KMSY,2026-06-04,85.5,71.4
71,2026-05-29T16:52:42Z,KOKC,2026-05-29,91.2,68.3
72,2026-05-29T16:52:42Z,KOKC,2026-05-30,92.5,70.3
73,2026-05-29T16:52:42Z,KOKC,2026-05-31,97.3,71.3
74,2026-05-29T16:52:42Z,KOKC,2026-06-01,95.0,70.9
75,2026-05-29T16:52:42Z,KOKC,2026-06-02,93.4,70.9
76,2026-05-29T16:52:42Z,KOKC,2026-06-03,84.7,68.1
77,2026-05-29T16:52:42Z,KOKC,2026-06-04,89.2,64.8
78,2026-05-29T16:52:42Z,KPHL,2026-05-29,78.3,55.0
79,2026-05-29T16:52:42Z,KPHL,2026-05-30,68.4,54.3
80,2026-05-29T16:52:42Z,KPHL,2026-05-31,75.6,49.8
81,2026-05-29T16:52:42Z,KPHL,2026-06-01,78.3,59.0
82,2026-05-29T16:52:42Z,KPHL,2026-06-02,76.7,55.6
83,2026-05-29T16:52:42Z,KPHL,2026-06-03,80.3,58.5
84,2026-05-29T16:52:42Z,KPHL,2026-06-04,84.9,63.4
85,2026-05-29T16:52:42Z,KPHX,2026-05-29,86.0,68.2
86,2026-05-29T16:52:42Z,KPHX,2026-05-30,92.6,62.0
87,2026-05-29T16:52:42Z,KPHX,2026-05-31,97.3,70.1
88,2026-05-29T16:52:42Z,KPHX,2026-06-01,100.4,83.8
89,2026-05-29T16:52:42Z,KPHX,2026-06-02,103.6,84.4
90,2026-05-29T16:52:42Z,KPHX,2026-06-03,102.9,86.0
91,2026-05-29T16:52:42Z,KPHX,2026-06-04,103.1,85.3
92,2026-05-29T16:52:42Z,KSAT,2026-05-29,88.1,72.6
93,2026-05-29T16:52:42Z,KSAT,2026-05-30,87.2,71.6
94,2026-05-29T16:52:42Z,KSAT,2026-05-31,91.4,71.8
95,2026-05-29T16:52:42Z,KSAT,2026-06-01,91.0,72.7
96,2026-05-29T16:52:42Z,KSAT,2026-06-02,90.9,72.9
97,2026-05-29T16:52:42Z,KSAT,2026-06-03,84.9,70.3
98,2026-05-29T16:52:42Z,KSAT,2026-06-04,87.6,70.5
106,2026-05-29T16:52:42Z,KSEA,2026-05-29,57.4,49.2
107,2026-05-29T16:52:42Z,KSEA,2026-05-30,57.2,46.9
108,2026-05-29T16:52:42Z,KSEA,2026-05-31,66.0,43.3
109,2026-05-29T16:52:42Z,KSEA,2026-06-01,73.0,46.0
110,2026-05-29T16:52:42Z,KSEA,2026-06-02,82.2,50.7
111,2026-05-29T16:52:42Z,KSEA,2026-06-03,65.9,53.0
112,2026-05-29T16:52:42Z,KSEA,2026-06-04,69.8,51.1
99,2026-05-29T16:52:42Z,KSFO,2026-05-29,60.1,52.2
100,2026-05-29T16:52:42Z,KSFO,2026-05-30,65.5,49.8
101,2026-05-29T16:52:42Z,KSFO,2026-05-31,71.2,51.3
102,2026-05-29T16:52:42Z,KSFO,2026-06-01,69.0,52.3
103,2026-05-29T16:52:42Z,KSFO,2026-06-02,64.2,53.4
104,2026-05-29T16:52:42Z,KSFO,2026-06-03,66.3,53.1
105,2026-05-29T16:52:42Z,KSFO,2026-06-04,69.0,54.8
1,2026-05-29T18:12:02Z,KATL,2026-05-29,80.4,69.8
2,2026-05-29T18:12:02Z,KATL,2026-05-30,79.7,69.0
3,2026-05-29T18:12:02Z,KATL,2026-05-31,76.9,66.6
4,2026-05-29T18:12:02Z,KATL,2026-06-01,87.5,66.4
5,2026-05-29T18:12:02Z,KATL,2026-06-02,83.2,66.6
6,2026-05-29T18:12:02Z,KATL,2026-06-03,84.2,62.5
7,2026-05-29T18:12:02Z,KATL,2026-06-04,88.8,68.8
8,2026-05-29T18:12:02Z,KAUS,2026-05-29,91.8,72.6
9,2026-05-29T18:12:02Z,KAUS,2026-05-30,88.3,72.4
10,2026-05-29T18:12:02Z,KAUS,2026-05-31,93.7,71.7
11,2026-05-29T18:12:02Z,KAUS,2026-06-01,95.0,71.1
12,2026-05-29T18:12:02Z,KAUS,2026-06-02,94.6,71.6
13,2026-05-29T18:12:02Z,KAUS,2026-06-03,92.1,71.4
14,2026-05-29T18:12:02Z,KAUS,2026-06-04,87.4,69.4
15,2026-05-29T18:12:02Z,KBOS,2026-05-29,70.2,51.5
16,2026-05-29T18:12:02Z,KBOS,2026-05-30,56.4,43.7
17,2026-05-29T18:12:02Z,KBOS,2026-05-31,63.7,44.2
18,2026-05-29T18:12:02Z,KBOS,2026-06-01,57.9,50.2
19,2026-05-29T18:12:02Z,KBOS,2026-06-02,62.4,45.5
20,2026-05-29T18:12:02Z,KBOS,2026-06-03,62.5,52.5
21,2026-05-29T18:12:02Z,KBOS,2026-06-04,59.4,54.1
29,2026-05-29T18:12:02Z,KDEN,2026-05-29,82.5,58.2
30,2026-05-29T18:12:02Z,KDEN,2026-05-30,78.9,52.4
31,2026-05-29T18:12:02Z,KDEN,2026-05-31,80.2,51.8
32,2026-05-29T18:12:02Z,KDEN,2026-06-01,80.7,53.2
33,2026-05-29T18:12:02Z,KDEN,2026-06-02,87.0,51.9
34,2026-05-29T18:12:02Z,KDEN,2026-06-03,79.0,55.1
35,2026-05-29T18:12:02Z,KDEN,2026-06-04,89.8,54.4
36,2026-05-29T18:12:02Z,KIAH,2026-05-29,90.6,72.5
37,2026-05-29T18:12:02Z,KIAH,2026-05-30,91.6,73.0
38,2026-05-29T18:12:02Z,KIAH,2026-05-31,94.2,74.3
39,2026-05-29T18:12:02Z,KIAH,2026-06-01,96.9,77.1
40,2026-05-29T18:12:02Z,KIAH,2026-06-02,95.8,75.9
41,2026-05-29T18:12:02Z,KIAH,2026-06-03,90.6,75.0
42,2026-05-29T18:12:02Z,KIAH,2026-06-04,86.5,76.3
43,2026-05-29T18:12:02Z,KLAS,2026-05-29,80.5,62.9
44,2026-05-29T18:12:02Z,KLAS,2026-05-30,90.0,61.7
45,2026-05-29T18:12:02Z,KLAS,2026-05-31,93.4,68.0
46,2026-05-29T18:12:02Z,KLAS,2026-06-01,99.0,79.6
47,2026-05-29T18:12:02Z,KLAS,2026-06-02,99.6,79.9
48,2026-05-29T18:12:02Z,KLAS,2026-06-03,98.6,80.1
49,2026-05-29T18:12:02Z,KLAS,2026-06-04,100.6,78.9
50,2026-05-29T18:12:02Z,KLAX,2026-05-29,67.0,55.1
51,2026-05-29T18:12:02Z,KLAX,2026-05-30,69.5,55.6
52,2026-05-29T18:12:02Z,KLAX,2026-05-31,72.1,56.4
53,2026-05-29T18:12:02Z,KLAX,2026-06-01,74.1,63.6
54,2026-05-29T18:12:02Z,KLAX,2026-06-02,72.6,63.1
55,2026-05-29T18:12:02Z,KLAX,2026-06-03,73.4,62.6
56,2026-05-29T18:12:02Z,KLAX,2026-06-04,73.5,63.3
22,2026-05-29T18:12:02Z,KMDW,2026-05-29,83.4,50.1
23,2026-05-29T18:12:02Z,KMDW,2026-05-30,73.3,56.0
24,2026-05-29T18:12:02Z,KMDW,2026-05-31,78.1,55.7
25,2026-05-29T18:12:02Z,KMDW,2026-06-01,78.5,61.4
26,2026-05-29T18:12:02Z,KMDW,2026-06-02,77.0,59.2
27,2026-05-29T18:12:02Z,KMDW,2026-06-03,82.1,61.4
28,2026-05-29T18:12:02Z,KMDW,2026-06-04,82.6,63.3
57,2026-05-29T18:12:02Z,KMSP,2026-05-29,87.8,63.1
58,2026-05-29T18:12:02Z,KMSP,2026-05-30,83.6,66.3
59,2026-05-29T18:12:02Z,KMSP,2026-05-31,71.3,60.3
60,2026-05-29T18:12:02Z,KMSP,2026-06-01,84.6,60.3
61,2026-05-29T18:12:02Z,KMSP,2026-06-02,83.0,63.4
62,2026-05-29T18:12:02Z,KMSP,2026-06-03,84.3,64.5
63,2026-05-29T18:12:02Z,KMSP,2026-06-04,76.0,65.2
64,2026-05-29T18:12:02Z,KMSY,2026-05-29,85.9,71.5
65,2026-05-29T18:12:02Z,KMSY,2026-05-30,85.7,72.4
66,2026-05-29T18:12:02Z,KMSY,2026-05-31,91.7,72.8
67,2026-05-29T18:12:02Z,KMSY,2026-06-01,91.5,72.8
68,2026-05-29T18:12:02Z,KMSY,2026-06-02,92.6,71.6
69,2026-05-29T18:12:02Z,KMSY,2026-06-03,91.4,73.2
70,2026-05-29T18:12:02Z,KMSY,2026-06-04,85.6,72.4
71,2026-05-29T18:12:02Z,KNYC,2026-05-29,78.0,56.2
72,2026-05-29T18:12:02Z,KNYC,2026-05-30,69.2,50.9
73,2026-05-29T18:12:02Z,KNYC,2026-05-31,75.9,45.3
74,2026-05-29T18:12:02Z,KNYC,2026-06-01,72.7,59.7
75,2026-05-29T18:12:02Z,KNYC,2026-06-02,76.1,51.1
76,2026-05-29T18:12:02Z,KNYC,2026-06-03,81.7,56.9
77,2026-05-29T18:12:02Z,KNYC,2026-06-04,81.6,64.6
78,2026-05-29T18:12:02Z,KOKC,2026-05-29,90.8,68.3
79,2026-05-29T18:12:02Z,KOKC,2026-05-30,92.5,70.3
80,2026-05-29T18:12:02Z,KOKC,2026-05-31,98.2,71.4
81,2026-05-29T18:12:02Z,KOKC,2026-06-01,98.6,71.6
82,2026-05-29T18:12:02Z,KOKC,2026-06-02,92.3,71.1
83,2026-05-29T18:12:02Z,KOKC,2026-06-03,85.7,66.9
84,2026-05-29T18:12:02Z,KOKC,2026-06-04,87.2,64.9
85,2026-05-29T18:12:02Z,KPHX,2026-05-29,85.7,68.2
86,2026-05-29T18:12:02Z,KPHX,2026-05-30,92.6,62.0
87,2026-05-29T18:12:02Z,KPHX,2026-05-31,97.3,70.1
88,2026-05-29T18:12:02Z,KPHX,2026-06-01,100.6,83.8
89,2026-05-29T18:12:02Z,KPHX,2026-06-02,103.3,84.7
90,2026-05-29T18:12:02Z,KPHX,2026-06-03,102.4,85.6
91,2026-05-29T18:12:02Z,KPHX,2026-06-04,102.7,84.9
92,2026-05-29T18:12:02Z,KSAT,2026-05-29,88.2,72.6
93,2026-05-29T18:12:02Z,KSAT,2026-05-30,87.2,71.6
94,2026-05-29T18:12:02Z,KSAT,2026-05-31,93.0,72.3
95,2026-05-29T18:12:02Z,KSAT,2026-06-01,94.5,72.7
96,2026-05-29T18:12:02Z,KSAT,2026-06-02,92.5,73.6
97,2026-05-29T18:12:02Z,KSAT,2026-06-03,87.6,72.0
98,2026-05-29T18:12:02Z,KSAT,2026-06-04,87.5,70.9
106,2026-05-29T18:12:02Z,KSEA,2026-05-29,57.4,49.4
107,2026-05-29T18:12:02Z,KSEA,2026-05-30,57.2,46.9
108,2026-05-29T18:12:02Z,KSEA,2026-05-31,66.0,43.5
109,2026-05-29T18:12:02Z,KSEA,2026-06-01,73.7,47.3
110,2026-05-29T18:12:02Z,KSEA,2026-06-02,83.3,52.7
111,2026-05-29T18:12:02Z,KSEA,2026-06-03,68.1,52.5
112,2026-05-29T18:12:02Z,KSEA,2026-06-04,65.0,51.4
99,2026-05-29T18:12:02Z,KSFO,2026-05-29,59.7,52.0
100,2026-05-29T18:12:02Z,KSFO,2026-05-30,65.5,49.8
101,2026-05-29T18:12:02Z,KSFO,2026-05-31,71.7,51.5
102,2026-05-29T18:12:02Z,KSFO,2026-06-01,67.4,52.3
103,2026-05-29T18:12:02Z,KSFO,2026-06-02,62.7,53.4
104,2026-05-29T18:12:02Z,KSFO,2026-06-03,65.4,53.6
105,2026-05-29T18:12:02Z,KSFO,2026-06-04,68.1,54.5
1,2026-05-29T19:27:40Z,KATL,2026-05-29,82.4,68.8
2,2026-05-29T19:27:40Z,KATL,2026-05-30,79.7,68.7
3,2026-05-29T19:27:40Z,KATL,2026-05-31,76.9,66.6
4,2026-05-29T19:27:40Z,KATL,2026-06-01,87.5,66.4
5,2026-05-29T19:27:40Z,KATL,2026-06-02,83.2,66.6
6,2026-05-29T19:27:40Z,KATL,2026-06-03,84.2,62.5
7,2026-05-29T19:27:40Z,KATL,2026-06-04,88.8,68.8
8,2026-05-29T19:27:40Z,KAUS,2026-05-29,91.6,72.6
9,2026-05-29T19:27:40Z,KAUS,2026-05-30,88.3,72.4
10,2026-05-29T19:27:40Z,KAUS,2026-05-31,93.7,71.7
11,2026-05-29T19:27:40Z,KAUS,2026-06-01,95.0,71.1
12,2026-05-29T19:27:40Z,KAUS,2026-06-02,94.6,71.6
13,2026-05-29T19:27:40Z,KAUS,2026-06-03,92.1,71.4
14,2026-05-29T19:27:40Z,KAUS,2026-06-04,87.4,69.4
15,2026-05-29T19:27:40Z,KBOS,2026-05-29,70.5,51.5
16,2026-05-29T19:27:40Z,KBOS,2026-05-30,56.7,43.7
17,2026-05-29T19:27:40Z,KBOS,2026-05-31,63.7,44.2
18,2026-05-29T19:27:40Z,KBOS,2026-06-01,57.9,50.2
19,2026-05-29T19:27:40Z,KBOS,2026-06-02,62.4,45.5
20,2026-05-29T19:27:40Z,KBOS,2026-06-03,62.5,52.5
21,2026-05-29T19:27:40Z,KBOS,2026-06-04,59.4,54.1
113,2026-05-29T19:27:40Z,KDCA,2026-05-29,79.7,54.7
114,2026-05-29T19:27:40Z,KDCA,2026-05-30,72.3,60.6
115,2026-05-29T19:27:40Z,KDCA,2026-05-31,75.5,49.9
116,2026-05-29T19:27:40Z,KDCA,2026-06-01,77.5,55.3
117,2026-05-29T19:27:40Z,KDCA,2026-06-02,76.0,55.9
118,2026-05-29T19:27:40Z,KDCA,2026-06-03,79.3,56.8
119,2026-05-29T19:27:40Z,KDCA,2026-06-04,85.4,62.2
29,2026-05-29T19:27:40Z,KDEN,2026-05-29,81.6,58.2
30,2026-05-29T19:27:40Z,KDEN,2026-05-30,78.9,50.4
31,2026-05-29T19:27:40Z,KDEN,2026-05-31,80.2,51.8
32,2026-05-29T19:27:40Z,KDEN,2026-06-01,80.7,53.2
33,2026-05-29T19:27:40Z,KDEN,2026-06-02,87.0,51.9
34,2026-05-29T19:27:40Z,KDEN,2026-06-03,79.0,55.1
35,2026-05-29T19:27:40Z,KDEN,2026-06-04,89.8,54.4
22,2026-05-29T19:27:40Z,KDFW,2026-05-29,92.2,72.7
23,2026-05-29T19:27:40Z,KDFW,2026-05-30,94.6,73.2
24,2026-05-29T19:27:40Z,KDFW,2026-05-31,96.5,74.8
25,2026-05-29T19:27:40Z,KDFW,2026-06-01,98.1,77.6
26,2026-05-29T19:27:40Z,KDFW,2026-06-02,98.3,72.6
27,2026-05-29T19:27:40Z,KDFW,2026-06-03,85.8,73.8
28,2026-05-29T19:27:40Z,KDFW,2026-06-04,89.0,73.9
36,2026-05-29T19:27:40Z,KIAH,2026-05-29,90.8,72.5
37,2026-05-29T19:27:40Z,KIAH,2026-05-30,91.6,73.7
38,2026-05-29T19:27:40Z,KIAH,2026-05-31,94.2,74.3
39,2026-05-29T19:27:40Z,KIAH,2026-06-01,96.9,77.1
40,2026-05-29T19:27:40Z,KIAH,2026-06-02,95.8,75.9
41,2026-05-29T19:27:40Z,KIAH,2026-06-03,90.6,75.0
42,2026-05-29T19:27:40Z,KIAH,2026-06-04,86.5,76.3
43,2026-05-29T19:27:40Z,KLAX,2026-05-29,67.7,55.1
44,2026-05-29T19:27:40Z,KLAX,2026-05-30,69.5,55.7
45,2026-05-29T19:27:40Z,KLAX,2026-05-31,72.1,56.4
46,2026-05-29T19:27:40Z,KLAX,2026-06-01,74.1,63.6
47,2026-05-29T19:27:40Z,KLAX,2026-06-02,72.6,63.1
48,2026-05-29T19:27:40Z,KLAX,2026-06-03,73.4,62.6
49,2026-05-29T19:27:40Z,KLAX,2026-06-04,73.5,63.3
50,2026-05-29T19:27:40Z,KMIA,2026-05-29,87.8,74.3
51,2026-05-29T19:27:40Z,KMIA,2026-05-30,86.8,74.3
52,2026-05-29T19:27:40Z,KMIA,2026-05-31,92.8,74.5
53,2026-05-29T19:27:40Z,KMIA,2026-06-01,92.8,79.8
54,2026-05-29T19:27:40Z,KMIA,2026-06-02,98.4,80.0
55,2026-05-29T19:27:40Z,KMIA,2026-06-03,82.6,78.0
56,2026-05-29T19:27:40Z,KMIA,2026-06-04,83.1,77.5
57,2026-05-29T19:27:40Z,KMSP,2026-05-29,87.7,63.1
58,2026-05-29T19:27:40Z,KMSP,2026-05-30,83.6,66.1
59,2026-05-29T19:27:40Z,KMSP,2026-05-31,71.3,60.3
60,2026-05-29T19:27:40Z,KMSP,2026-06-01,84.6,60.3
61,2026-05-29T19:27:40Z,KMSP,2026-06-02,83.0,63.4
62,2026-05-29T19:27:40Z,KMSP,2026-06-03,84.3,64.5
63,2026-05-29T19:27:40Z,KMSP,2026-06-04,76.0,65.2
64,2026-05-29T19:27:40Z,KNYC,2026-05-29,77.5,56.2
65,2026-05-29T19:27:40Z,KNYC,2026-05-30,69.2,51.2
66,2026-05-29T19:27:40Z,KNYC,2026-05-31,75.9,45.3
67,2026-05-29T19:27:40Z,KNYC,2026-06-01,72.7,59.7
68,2026-05-29T19:27:40Z,KNYC,2026-06-02,76.1,51.1
69,2026-05-29T19:27:40Z,KNYC,2026-06-03,81.7,56.9
70,2026-05-29T19:27:40Z,KNYC,2026-06-04,81.6,64.6
71,2026-05-29T19:27:40Z,KOKC,2026-05-29,93.6,68.3
72,2026-05-29T19:27:40Z,KOKC,2026-05-30,92.5,70.5
73,2026-05-29T19:27:40Z,KOKC,2026-05-31,98.2,71.4
74,2026-05-29T19:27:40Z,KOKC,2026-06-01,98.6,71.6
75,2026-05-29T19:27:40Z,KOKC,2026-06-02,92.3,71.1
76,2026-05-29T19:27:40Z,KOKC,2026-06-03,85.7,66.9
77,2026-05-29T19:27:40Z,KOKC,2026-06-04,87.2,64.9
78,2026-05-29T19:27:40Z,KPHL,2026-05-29,77.8,55.0
79,2026-05-29T19:27:40Z,KPHL,2026-05-30,68.4,55.0
80,2026-05-29T19:27:40Z,KPHL,2026-05-31,75.4,49.8
81,2026-05-29T19:27:40Z,KPHL,2026-06-01,78.5,57.2
82,2026-05-29T19:27:40Z,KPHL,2026-06-02,76.7,56.2
83,2026-05-29T19:27:40Z,KPHL,2026-06-03,81.6,57.4
84,2026-05-29T19:27:40Z,KPHL,2026-06-04,82.9,61.9
85,2026-05-29T19:27:40Z,KPHX,2026-05-29,85.1,68.2
86,2026-05-29T19:27:40Z,KPHX,2026-05-30,92.6,62.0
87,2026-05-29T19:27:40Z,KPHX,2026-05-31,97.3,70.1
88,2026-05-29T19:27:40Z,KPHX,2026-06-01,100.6,83.8
89,2026-05-29T19:27:40Z,KPHX,2026-06-02,103.3,84.7
90,2026-05-29T19:27:40Z,KPHX,2026-06-03,102.4,85.6
91,2026-05-29T19:27:40Z,KPHX,2026-06-04,102.7,84.9
92,2026-05-29T19:27:40Z,KSAT,2026-05-29,88.2,72.6
93,2026-05-29T19:27:40Z,KSAT,2026-05-30,87.2,71.6
94,2026-05-29T19:27:40Z,KSAT,2026-05-31,93.0,72.3
95,2026-05-29T19:27:40Z,KSAT,2026-06-01,94.5,72.7
96,2026-05-29T19:27:40Z,KSAT,2026-06-02,92.5,73.6
97,2026-05-29T19:27:40Z,KSAT,2026-06-03,87.6,72.0
98,2026-05-29T19:27:40Z,KSAT,2026-06-04,87.5,70.9
106,2026-05-29T19:27:40Z,KSEA,2026-05-29,57.4,48.8
107,2026-05-29T19:27:40Z,KSEA,2026-05-30,57.2,46.9
108,2026-05-29T19:27:40Z,KSEA,2026-05-31,66.0,43.5
109,2026-05-29T19:27:40Z,KSEA,2026-06-01,73.7,47.3
110,2026-05-29T19:27:40Z,KSEA,2026-06-02,83.3,52.7
111,2026-05-29T19:27:40Z,KSEA,2026-06-03,68.1,52.5
112,2026-05-29T19:27:40Z,KSEA,2026-06-04,65.0,51.4
99,2026-05-29T19:27:40Z,KSFO,2026-05-29,59.8,51.8
100,2026-05-29T19:27:40Z,KSFO,2026-05-30,65.5,49.5
101,2026-05-29T19:27:40Z,KSFO,2026-05-31,71.7,51.5
102,2026-05-29T19:27:40Z,KSFO,2026-06-01,67.4,52.3
103,2026-05-29T19:27:40Z,KSFO,2026-06-02,62.7,53.4
104,2026-05-29T19:27:40Z,KSFO,2026-06-03,65.4,53.6
105,2026-05-29T19:27:40Z,KSFO,2026-06-04,68.1,54.5
1,2026-05-29T20:26:04Z,KATL,2026-05-29,84.3,70.4
2,2026-05-29T20:26:04Z,KATL,2026-05-30,79.5,69.4
3,2026-05-29T20:26:04Z,KATL,2026-05-31,76.9,67.2
4,2026-05-29T20:26:04Z,KATL,2026-06-01,87.5,66.4
5,2026-05-29T20:26:04Z,KATL,2026-06-02,83.2,66.6
6,2026-05-29T20:26:04Z,KATL,2026-06-03,84.2,62.5
7,2026-05-29T20:26:04Z,KATL,2026-06-04,88.8,68.8
8,2026-05-29T20:26:04Z,KAUS,2026-05-29,91.6,72.6
9,2026-05-29T20:26:04Z,KAUS,2026-05-30,90.8,72.8
10,2026-05-29T20:26:04Z,KAUS,2026-05-31,93.7,73.3
11,2026-05-29T20:26:04Z,KAUS,2026-06-01,95.0,71.1
12,2026-05-29T20:26:04Z,KAUS,2026-06-02,94.6,71.6
13,2026-05-29T20:26:04Z,KAUS,2026-06-03,92.1,71.4
14,2026-05-29T20:26:04Z,KAUS,2026-06-04,87.4,69.4
15,2026-05-29T20:26:04Z,KBOS,2026-05-29,69.7,51.5
16,2026-05-29T20:26:04Z,KBOS,2026-05-30,56.7,44.1
17,2026-05-29T20:26:04Z,KBOS,2026-05-31,63.7,42.9
18,2026-05-29T20:26:04Z,KBOS,2026-06-01,57.9,50.2
19,2026-05-29T20:26:04Z,KBOS,2026-06-02,62.4,45.5
20,2026-05-29T20:26:04Z,KBOS,2026-06-03,62.5,52.5
21,2026-05-29T20:26:04Z,KBOS,2026-06-04,59.4,54.1
29,2026-05-29T20:26:04Z,KDEN,2026-05-29,81.6,58.2
30,2026-05-29T20:26:04Z,KDEN,2026-05-30,78.1,50.8
31,2026-05-29T20:26:04Z,KDEN,2026-05-31,80.2,49.2
32,2026-05-29T20:26:04Z,KDEN,2026-06-01,80.7,53.2
33,2026-05-29T20:26:04Z,KDEN,2026-06-02,87.0,51.9
34,2026-05-29T20:26:04Z,KDEN,2026-06-03,79.0,55.1
35,2026-05-29T20:26:04Z,KDEN,2026-06-04,89.8,54.4
22,2026-05-29T20:26:04Z,KDFW,2026-05-29,91.9,72.7
23,2026-05-29T20:26:04Z,KDFW,2026-05-30,94.5,74.0
24,2026-05-29T20:26:04Z,KDFW,2026-05-31,96.5,74.6
25,2026-05-29T20:26:04Z,KDFW,2026-06-01,98.1,77.6
26,2026-05-29T20:26:04Z,KDFW,2026-06-02,98.3,72.6
27,2026-05-29T20:26:04Z,KDFW,2026-06-03,85.8,73.8
28,2026-05-29T20:26:04Z,KDFW,2026-06-04,89.0,73.9
36,2026-05-29T20:26:04Z,KIAH,2026-05-29,90.5,72.5
37,2026-05-29T20:26:04Z,KIAH,2026-05-30,90.6,73.8
38,2026-05-29T20:26:04Z,KIAH,2026-05-31,94.2,73.4
39,2026-05-29T20:26:04Z,KIAH,2026-06-01,96.9,77.1
40,2026-05-29T20:26:04Z,KIAH,2026-06-02,95.8,75.9
41,2026-05-29T20:26:04Z,KIAH,2026-06-03,90.6,75.0
42,2026-05-29T20:26:04Z,KIAH,2026-06-04,86.5,76.3
43,2026-05-29T20:26:04Z,KLAX,2026-05-29,66.9,55.1
44,2026-05-29T20:26:04Z,KLAX,2026-05-30,71.0,55.1
45,2026-05-29T20:26:04Z,KLAX,2026-05-31,72.1,55.6
46,2026-05-29T20:26:04Z,KLAX,2026-06-01,74.1,63.6
47,2026-05-29T20:26:04Z,KLAX,2026-06-02,72.6,63.1
48,2026-05-29T20:26:04Z,KLAX,2026-06-03,73.4,62.6
49,2026-05-29T20:26:04Z,KLAX,2026-06-04,73.5,63.3
50,2026-05-29T20:26:04Z,KMIA,2026-05-29,89.4,74.3
51,2026-05-29T20:26:04Z,KMIA,2026-05-30,86.0,74.1
52,2026-05-29T20:26:04Z,KMIA,2026-05-31,92.8,75.6
53,2026-05-29T20:26:04Z,KMIA,2026-06-01,92.8,79.8
54,2026-05-29T20:26:04Z,KMIA,2026-06-02,98.4,80.0
55,2026-05-29T20:26:04Z,KMIA,2026-06-03,82.6,78.0
56,2026-05-29T20:26:04Z,KMIA,2026-06-04,83.1,77.5
57,2026-05-29T20:26:04Z,KMSY,2026-05-29,85.2,71.5
58,2026-05-29T20:26:04Z,KMSY,2026-05-30,86.7,71.6
59,2026-05-29T20:26:04Z,KMSY,2026-05-31,91.7,73.1
60,2026-05-29T20:26:04Z,KMSY,2026-06-01,91.5,72.8
61,2026-05-29T20:26:04Z,KMSY,2026-06-02,92.6,71.6
62,2026-05-29T20:26:04Z,KMSY,2026-06-03,91.4,73.2
63,2026-05-29T20:26:04Z,KMSY,2026-06-04,85.6,72.4
64,2026-05-29T20:26:04Z,KNYC,2026-05-29,77.1,56.2
65,2026-05-29T20:26:04Z,KNYC,2026-05-30,69.1,50.9
66,2026-05-29T20:26:04Z,KNYC,2026-05-31,75.9,45.3
67,2026-05-29T20:26:04Z,KNYC,2026-06-01,72.7,59.7
68,2026-05-29T20:26:04Z,KNYC,2026-06-02,76.1,51.1
69,2026-05-29T20:26:04Z,KNYC,2026-06-03,81.7,56.9
70,2026-05-29T20:26:04Z,KNYC,2026-06-04,81.6,64.6
71,2026-05-29T20:26:04Z,KOKC,2026-05-29,93.7,68.3
72,2026-05-29T20:26:04Z,KOKC,2026-05-30,96.0,72.0
73,2026-05-29T20:26:04Z,KOKC,2026-05-31,98.2,74.0
74,2026-05-29T20:26:04Z,KOKC,2026-06-01,98.6,71.6
75,2026-05-29T20:26:04Z,KOKC,2026-06-02,92.3,71.1
76,2026-05-29T20:26:04Z,KOKC,2026-06-03,85.7,66.9
77,2026-05-29T20:26:04Z,KOKC,2026-06-04,87.2,64.9
78,2026-05-29T20:26:04Z,KPHL,2026-05-29,77.4,55.0
79,2026-05-29T20:26:04Z,KPHL,2026-05-30,69.1,54.2
80,2026-05-29T20:26:04Z,KPHL,2026-05-31,75.4,48.6
81,2026-05-29T20:26:04Z,KPHL,2026-06-01,78.5,57.2
82,2026-05-29T20:26:04Z,KPHL,2026-06-02,76.7,56.2
83,2026-05-29T20:26:04Z,KPHL,2026-06-03,81.6,57.4
84,2026-05-29T20:26:04Z,KPHL,2026-06-04,82.9,61.9
85,2026-05-29T20:26:04Z,KSAT,2026-05-29,88.2,72.6
86,2026-05-29T20:26:04Z,KSAT,2026-05-30,88.1,72.3
87,2026-05-29T20:26:04Z,KSAT,2026-05-31,93.0,72.0
88,2026-05-29T20:26:04Z,KSAT,2026-06-01,94.5,72.7
89,2026-05-29T20:26:04Z,KSAT,2026-06-02,92.5,73.6
90,2026-05-29T20:26:04Z,KSAT,2026-06-03,87.6,72.0
91,2026-05-29T20:26:04Z,KSAT,2026-06-04,87.5,70.9
99,2026-05-29T20:26:04Z,KSEA,2026-05-29,57.4,49.1
100,2026-05-29T20:26:04Z,KSEA,2026-05-30,58.3,46.7
101,2026-05-29T20:26:04Z,KSEA,2026-05-31,66.0,43.5
102,2026-05-29T20:26:04Z,KSEA,2026-06-01,73.7,47.3
103,2026-05-29T20:26:04Z,KSEA,2026-06-02,83.3,52.7
104,2026-05-29T20:26:04Z,KSEA,2026-06-03,68.1,52.5
105,2026-05-29T20:26:04Z,KSEA,2026-06-04,65.0,51.4
92,2026-05-29T20:26:04Z,KSFO,2026-05-29,60.4,52.2
93,2026-05-29T20:26:04Z,KSFO,2026-05-30,65.0,49.0
94,2026-05-29T20:26:04Z,KSFO,2026-05-31,71.7,49.2
95,2026-05-29T20:26:04Z,KSFO,2026-06-01,67.4,52.3
96,2026-05-29T20:26:04Z,KSFO,2026-06-02,62.7,53.4
97,2026-05-29T20:26:04Z,KSFO,2026-06-03,65.4,53.6
98,2026-05-29T20:26:04Z,KSFO,2026-06-04,68.1,54.5
