id,run_at,icao,period_name,start_time,is_daytime,temp_f,short_fcst,detailed_fcst
1,2026-07-25T03:31:06Z,KATL,Tonight,2026-07-24T19:00:00-04:00,0,73.0,Chance Showers And Thunderstorms,"A chance of showers and thunderstorms before 10pm, then a chance of showers and thunderstorms between 10pm and 2am. Mostly cloudy, with a low around 73. West wind 0 to 5 mph. Chance of precipitation is 50%. New rainfall amounts between a quarter and half of an inch possible."
2,2026-07-25T03:31:06Z,KATL,Saturday,2026-07-25T06:00:00-04:00,1,87.0,Chance Showers And Thunderstorms,"A slight chance of rain showers between 10am and 1pm, then a chance of showers and thunderstorms. Partly sunny, with a high near 87. Northwest wind 5 to 10 mph. Chance of precipitation is 40%."
3,2026-07-25T03:31:06Z,KATL,Saturday Night,2026-07-25T18:00:00-04:00,0,73.0,Chance Showers And Thunderstorms then Slight Chance Showers And Thunderstorms,"A chance of showers and thunderstorms before 7pm, then a chance of showers and thunderstorms between 7pm and 9pm, then a slight chance of showers and thunderstorms between 1am and 2am, then a chance of showers and thunderstorms. Partly cloudy, with a low around 73. West wind 5 to 10 mph. Chance of precipitation is 30%."
4,2026-07-25T03:31:06Z,KATL,Sunday,2026-07-26T06:00:00-04:00,1,89.0,Chance Showers And Thunderstorms,"A chance of showers and thunderstorms before 2pm, then a slight chance of showers and thunderstorms. Mostly sunny, with a high near 89. Northwest wind 5 to 10 mph. Chance of precipitation is 40%."
5,2026-07-25T03:31:06Z,KATL,Sunday Night,2026-07-26T18:00:00-04:00,0,74.0,Slight Chance Showers And Thunderstorms then Mostly Clear,"A slight chance of showers and thunderstorms before 8pm. Mostly clear, with a low around 74. Northwest wind 0 to 5 mph. Chance of precipitation is 20%."
6,2026-07-25T03:31:06Z,KATL,Monday,2026-07-27T06:00:00-04:00,1,93.0,Mostly Sunny,"Mostly sunny, with a high near 93."
7,2026-07-25T03:31:06Z,KATL,Monday Night,2026-07-27T18:00:00-04:00,0,75.0,Mostly Clear,"Mostly clear, with a low around 75."
8,2026-07-25T03:31:06Z,KATL,Tuesday,2026-07-28T06:00:00-04:00,1,95.0,Mostly Sunny,"Mostly sunny, with a high near 95."
9,2026-07-25T03:31:06Z,KATL,Tuesday Night,2026-07-28T18:00:00-04:00,0,77.0,Slight Chance Showers And Thunderstorms,"A slight chance of showers and thunderstorms between 8pm and 2am. Partly cloudy, with a low around 77. Chance of precipitation is 20%."
10,2026-07-25T03:31:06Z,KATL,Wednesday,2026-07-29T06:00:00-04:00,1,94.0,Mostly Sunny,"Mostly sunny, with a high near 94."
11,2026-07-25T03:31:06Z,KATL,Wednesday Night,2026-07-29T18:00:00-04:00,0,75.0,Partly Cloudy,"Partly cloudy, with a low around 75."
12,2026-07-25T03:31:06Z,KATL,Thursday,2026-07-30T06:00:00-04:00,1,92.0,Sunny,"Sunny, with a high near 92."
13,2026-07-25T03:31:06Z,KATL,Thursday Night,2026-07-30T18:00:00-04:00,0,74.0,Mostly Clear,"Mostly clear, with a low around 74."
14,2026-07-25T03:31:06Z,KATL,Friday,2026-07-31T06:00:00-04:00,1,91.0,Mostly Sunny then Slight Chance Showers And Thunderstorms,"A slight chance of showers and thunderstorms after 2pm. Mostly sunny, with a high near 91."
15,2026-07-25T03:31:06Z,KAUS,Tonight,2026-07-24T22:00:00-05:00,0,76.0,Partly Cloudy,"Partly cloudy, with a low around 76. South wind 5 to 10 mph, with gusts as high as 20 mph."
16,2026-07-25T03:31:06Z,KAUS,Saturday,2026-07-25T06:00:00-05:00,1,96.0,Mostly Sunny,"Mostly sunny, with a high near 96. Heat index values as high as 101. South wind 5 to 10 mph."
17,2026-07-25T03:31:06Z,KAUS,Saturday Night,2026-07-25T18:00:00-05:00,0,74.0,Partly Cloudy,"Partly cloudy, with a low around 74. Heat index values as high as 102. South wind 5 to 10 mph."
18,2026-07-25T03:31:06Z,KAUS,Sunday,2026-07-26T06:00:00-05:00,1,96.0,Mostly Sunny,"Mostly sunny, with a high near 96. Heat index values as high as 103. South southwest wind around 5 mph."
19,2026-07-25T03:31:06Z,KAUS,Sunday Night,2026-07-26T18:00:00-05:00,0,76.0,Mostly Clear,"Mostly clear, with a low around 76. South wind 5 to 10 mph."
20,2026-07-25T03:31:06Z,KAUS,Monday,2026-07-27T06:00:00-05:00,1,98.0,Sunny,"Sunny, with a high near 98. South wind 5 to 10 mph."
21,2026-07-25T03:31:06Z,KAUS,Monday Night,2026-07-27T18:00:00-05:00,0,76.0,Mostly Clear,"Mostly clear, with a low around 76. South wind 5 to 10 mph."
22,2026-07-25T03:31:06Z,KAUS,Tuesday,2026-07-28T06:00:00-05:00,1,100.0,Sunny,"Sunny, with a high near 100. South wind 5 to 10 mph."
23,2026-07-25T03:31:06Z,KAUS,Tuesday Night,2026-07-28T18:00:00-05:00,0,76.0,Clear,"Clear, with a low around 76. South wind 5 to 10 mph, with gusts as high as 20 mph."
24,2026-07-25T03:31:06Z,KAUS,Wednesday,2026-07-29T06:00:00-05:00,1,100.0,Sunny,"Sunny, with a high near 100."
25,2026-07-25T03:31:06Z,KAUS,Wednesday Night,2026-07-29T18:00:00-05:00,0,78.0,Mostly Clear,"Mostly clear, with a low around 78."
26,2026-07-25T03:31:06Z,KAUS,Thursday,2026-07-30T06:00:00-05:00,1,101.0,Mostly Sunny,"Mostly sunny, with a high near 101."
27,2026-07-25T03:31:06Z,KAUS,Thursday Night,2026-07-30T18:00:00-05:00,0,79.0,Mostly Clear,"Mostly clear, with a low around 79."
28,2026-07-25T03:31:06Z,KAUS,Friday,2026-07-31T06:00:00-05:00,1,101.0,Mostly Sunny,"Mostly sunny, with a high near 101."
29,2026-07-25T03:31:06Z,KBOS,Tonight,2026-07-24T19:00:00-04:00,0,63.0,Mostly Clear,"Mostly clear, with a low around 63. South wind 3 to 10 mph."
30,2026-07-25T03:31:06Z,KBOS,Saturday,2026-07-25T06:00:00-04:00,1,78.0,Sunny,"Sunny, with a high near 78. Southeast wind 2 to 12 mph."
31,2026-07-25T03:31:06Z,KBOS,Saturday Night,2026-07-25T18:00:00-04:00,0,61.0,Mostly Clear,"Mostly clear, with a low around 61. Northeast wind 5 to 10 mph."
32,2026-07-25T03:31:06Z,KBOS,Sunday,2026-07-26T06:00:00-04:00,1,74.0,Patchy Fog then Sunny,"Patchy fog before 7am. Sunny, with a high near 74. Northeast wind 7 to 10 mph."
33,2026-07-25T03:31:06Z,KBOS,Sunday Night,2026-07-26T18:00:00-04:00,0,61.0,Mostly Clear,"Mostly clear, with a low around 61. Northeast wind 2 to 8 mph."
34,2026-07-25T03:31:06Z,KBOS,Monday,2026-07-27T06:00:00-04:00,1,79.0,Mostly Sunny,"Mostly sunny, with a high near 79. Northeast wind 2 to 10 mph."
35,2026-07-25T03:31:06Z,KBOS,Monday Night,2026-07-27T18:00:00-04:00,0,63.0,Partly Cloudy then Slight Chance Rain Showers,"A slight chance of rain showers after 3am. Partly cloudy, with a low around 63. South wind 6 to 9 mph."
36,2026-07-25T03:31:06Z,KBOS,Tuesday,2026-07-28T06:00:00-04:00,1,78.0,Chance Rain Showers then Chance Showers And Thunderstorms,"A chance of rain showers before 2pm, then a chance of showers and thunderstorms between 2pm and 3pm, then showers and thunderstorms likely. Partly sunny, with a high near 78. South wind 6 to 14 mph. Chance of precipitation is 60%."
37,2026-07-25T03:31:06Z,KBOS,Tuesday Night,2026-07-28T18:00:00-04:00,0,66.0,Showers And Thunderstorms Likely,"Showers and thunderstorms likely. Mostly cloudy, with a low around 66. South wind 8 to 13 mph. Chance of precipitation is 60%."
38,2026-07-25T03:31:06Z,KBOS,Wednesday,2026-07-29T06:00:00-04:00,1,76.0,Rain Showers Likely,"Rain showers likely before 2pm, then a chance of showers and thunderstorms. Mostly cloudy, with a high near 76. Southeast wind around 10 mph. Chance of precipitation is 60%."
39,2026-07-25T03:31:06Z,KBOS,Wednesday Night,2026-07-29T18:00:00-04:00,0,63.0,Chance Showers And Thunderstorms,"A chance of showers and thunderstorms. Mostly cloudy, with a low around 63. Northeast wind around 8 mph. Chance of precipitation is 50%."
40,2026-07-25T03:31:06Z,KBOS,Thursday,2026-07-30T06:00:00-04:00,1,79.0,Chance Rain Showers,"A chance of rain showers. Partly sunny, with a high near 79. North wind around 8 mph. Chance of precipitation is 30%."
41,2026-07-25T03:31:06Z,KBOS,Thursday Night,2026-07-30T18:00:00-04:00,0,65.0,Chance Rain Showers then Partly Cloudy,"A chance of rain showers before 8pm. Partly cloudy, with a low around 65. North wind around 6 mph. Chance of precipitation is 30%."
42,2026-07-25T03:31:06Z,KBOS,Friday,2026-07-31T06:00:00-04:00,1,79.0,Mostly Sunny then Slight Chance Rain Showers,"A slight chance of rain showers after 4pm. Mostly sunny, with a high near 79. Northeast wind around 7 mph."
43,2026-07-25T03:31:06Z,KMDW,Tonight,2026-07-24T20:00:00-05:00,0,64.0,Mostly Clear,"Mostly clear, with a low around 64. South wind around 5 mph."
44,2026-07-25T03:31:06Z,KMDW,Saturday,2026-07-25T06:00:00-05:00,1,82.0,Partly Sunny,"Partly sunny, with a high near 82. South southwest wind 5 to 10 mph."
45,2026-07-25T03:31:06Z,KMDW,Saturday Night,2026-07-25T18:00:00-05:00,0,72.0,Partly Cloudy,"Partly cloudy, with a low around 72. Southwest wind 5 to 10 mph."
46,2026-07-25T03:31:06Z,KMDW,Sunday,2026-07-26T06:00:00-05:00,1,92.0,Partly Sunny,"Partly sunny, with a high near 92. Heat index values as high as 101. Southwest wind 5 to 15 mph."
47,2026-07-25T03:31:06Z,KMDW,Sunday Night,2026-07-26T18:00:00-05:00,0,76.0,Chance Showers And Thunderstorms,"A chance of showers and thunderstorms after 7pm. Mostly cloudy, with a low around 76. West southwest wind 10 to 15 mph. Chance of precipitation is 30%."
48,2026-07-25T03:31:06Z,KMDW,Monday,2026-07-27T06:00:00-05:00,1,92.0,Chance Showers And Thunderstorms,"A chance of showers and thunderstorms. Mostly sunny, with a high near 92. Chance of precipitation is 40%."
49,2026-07-25T03:31:06Z,KMDW,Monday Night,2026-07-27T18:00:00-05:00,0,74.0,Chance Showers And Thunderstorms,"A chance of showers and thunderstorms before 1am. Partly cloudy, with a low around 74."
50,2026-07-25T03:31:06Z,KMDW,Tuesday,2026-07-28T06:00:00-05:00,1,85.0,Mostly Sunny,"Mostly sunny, with a high near 85."
51,2026-07-25T03:31:06Z,KMDW,Tuesday Night,2026-07-28T18:00:00-05:00,0,70.0,Mostly Clear,"Mostly clear, with a low around 70."
52,2026-07-25T03:31:06Z,KMDW,Wednesday,2026-07-29T06:00:00-05:00,1,86.0,Sunny,"Sunny, with a high near 86."
53,2026-07-25T03:31:06Z,KMDW,Wednesday Night,2026-07-29T18:00:00-05:00,0,71.0,Mostly Clear,"Mostly clear, with a low around 71."
54,2026-07-25T03:31:06Z,KMDW,Thursday,2026-07-30T06:00:00-05:00,1,88.0,Mostly Sunny,"Mostly sunny, with a high near 88."
55,2026-07-25T03:31:06Z,KMDW,Thursday Night,2026-07-30T18:00:00-05:00,0,72.0,Slight Chance Showers And Thunderstorms,"A slight chance of showers and thunderstorms after 7pm. Partly cloudy, with a low around 72."
56,2026-07-25T03:31:06Z,KMDW,Friday,2026-07-31T06:00:00-05:00,1,88.0,Slight Chance Showers And Thunderstorms,"A slight chance of showers and thunderstorms. Mostly sunny, with a high near 88."
57,2026-07-25T03:31:06Z,KDFW,Tonight,2026-07-24T19:00:00-05:00,0,80.0,Partly Cloudy,"Partly cloudy, with a low around 80. Heat index values as high as 101. South wind 10 to 15 mph."
58,2026-07-25T03:31:06Z,KDFW,Saturday,2026-07-25T06:00:00-05:00,1,100.0,Mostly Sunny,"Mostly sunny, with a high near 100. Heat index values as high as 108. South southwest wind around 10 mph, with gusts as high as 20 mph."
59,2026-07-25T03:31:06Z,KDFW,Saturday Night,2026-07-25T18:00:00-05:00,0,81.0,Clear,"Clear. Low around 81, with temperatures rising to around 83 overnight. Heat index values as high as 107. South southwest wind around 10 mph."
60,2026-07-25T03:31:06Z,KDFW,Sunday,2026-07-26T06:00:00-05:00,1,102.0,Sunny,"Sunny, with a high near 102. Heat index values as high as 108. South southwest wind 5 to 10 mph."
61,2026-07-25T03:31:06Z,KDFW,Sunday Night,2026-07-26T18:00:00-05:00,0,82.0,Clear,"Clear. Low around 82, with temperatures rising to around 84 overnight. South wind 5 to 10 mph."
62,2026-07-25T03:31:06Z,KDFW,Monday,2026-07-27T06:00:00-05:00,1,103.0,Sunny,"Sunny, with a high near 103. South southwest wind around 10 mph."
63,2026-07-25T03:31:06Z,KDFW,Monday Night,2026-07-27T18:00:00-05:00,0,82.0,Clear,"Clear, with a low around 82. South wind 5 to 10 mph."
64,2026-07-25T03:31:06Z,KDFW,Tuesday,2026-07-28T06:00:00-05:00,1,104.0,Sunny,"Sunny, with a high near 104. South southwest wind 5 to 10 mph."
65,2026-07-25T03:31:06Z,KDFW,Tuesday Night,2026-07-28T18:00:00-05:00,0,82.0,Mostly Clear,"Mostly clear, with a low around 82. South wind 5 to 10 mph."
66,2026-07-25T03:31:06Z,KDFW,Wednesday,2026-07-29T06:00:00-05:00,1,105.0,Sunny,"Sunny, with a high near 105."
67,2026-07-25T03:31:06Z,KDFW,Wednesday Night,2026-07-29T18:00:00-05:00,0,83.0,Mostly Clear,"Mostly clear, with a low around 83."
68,2026-07-25T03:31:06Z,KDFW,Thursday,2026-07-30T06:00:00-05:00,1,105.0,Sunny,"Sunny, with a high near 105."
69,2026-07-25T03:31:06Z,KDFW,Thursday Night,2026-07-30T18:00:00-05:00,0,84.0,Mostly Clear,"Mostly clear, with a low around 84."
70,2026-07-25T03:31:06Z,KDFW,Friday,2026-07-31T06:00:00-05:00,1,105.0,Mostly Sunny,"Mostly sunny, with a high near 105."
71,2026-07-25T03:31:06Z,KDEN,Tonight,2026-07-24T20:00:00-06:00,0,70.0,Slight Chance Showers And Thunderstorms then Partly Cloudy,"A slight chance of showers and thunderstorms before 9pm. Partly cloudy. Low around 70, with temperatures rising to around 74 overnight. South wind 5 to 9 mph. Chance of precipitation is 20%."
72,2026-07-25T03:31:06Z,KDEN,Saturday,2026-07-25T06:00:00-06:00,1,99.0,Mostly Sunny then Chance Showers And Thunderstorms,"A chance of showers and thunderstorms after 3pm. Mostly sunny. High near 99, with temperatures falling to around 95 in the afternoon. South wind 5 to 12 mph, with gusts as high as 18 mph. Chance of precipitation is 30%. New rainfall amounts less than a tenth of an inch possible."
73,2026-07-25T03:31:06Z,KDEN,Saturday Night,2026-07-25T18:00:00-06:00,0,69.0,Slight Chance Showers And Thunderstorms then Mostly Cloudy,"A slight chance of showers and thunderstorms before 9pm. Mostly cloudy. Low around 69, with temperatures rising to around 73 overnight. South southwest wind 8 to 12 mph, with gusts as high as 21 mph. Chance of precipitation is 20%."
74,2026-07-25T03:31:06Z,KDEN,Sunday,2026-07-26T06:00:00-06:00,1,100.0,Mostly Sunny,"Mostly sunny, with a high near 100. North northwest wind 5 to 8 mph, with gusts as high as 17 mph."
75,2026-07-25T03:31:06Z,KDEN,Sunday Night,2026-07-26T18:00:00-06:00,0,68.0,Slight Chance Showers And Thunderstorms then Mostly Cloudy,"A slight chance of showers and thunderstorms before midnight. Mostly cloudy, with a low around 68. West southwest wind around 8 mph, with gusts as high as 16 mph. Chance of precipitation is 20%."
76,2026-07-25T03:31:06Z,KDEN,Monday,2026-07-27T06:00:00-06:00,1,93.0,Partly Sunny then Showers And Thunderstorms Likely,"Showers and thunderstorms likely after noon. Partly sunny, with a high near 93. Chance of precipitation is 60%."
77,2026-07-25T03:31:06Z,KDEN,Monday Night,2026-07-27T18:00:00-06:00,0,65.0,Showers And Thunderstorms Likely,"Showers and thunderstorms likely. Mostly cloudy, with a low around 65."
78,2026-07-25T03:31:06Z,KDEN,Tuesday,2026-07-28T06:00:00-06:00,1,93.0,Showers And Thunderstorms,"A slight chance of rain showers before noon, then showers and thunderstorms. Mostly cloudy, with a high near 93."
79,2026-07-25T03:31:06Z,KDEN,Tuesday Night,2026-07-28T18:00:00-06:00,0,64.0,Showers And Thunderstorms Likely,"Showers and thunderstorms likely. Mostly cloudy, with a low around 64."
80,2026-07-25T03:31:06Z,KDEN,Wednesday,2026-07-29T06:00:00-06:00,1,93.0,Partly Sunny then Chance Showers And Thunderstorms,"A chance of showers and thunderstorms after noon. Partly sunny, with a high near 93."
81,2026-07-25T03:31:06Z,KDEN,Wednesday Night,2026-07-29T18:00:00-06:00,0,64.0,Chance Showers And Thunderstorms then Mostly Cloudy,"A chance of showers and thunderstorms before midnight. Mostly cloudy, with a low around 64."
82,2026-07-25T03:31:06Z,KDEN,Thursday,2026-07-30T06:00:00-06:00,1,93.0,Mostly Sunny then Chance Showers And Thunderstorms,"A chance of showers and thunderstorms after noon. Mostly sunny, with a high near 93."
83,2026-07-25T03:31:06Z,KDEN,Thursday Night,2026-07-30T18:00:00-06:00,0,64.0,Chance Showers And Thunderstorms then Partly Cloudy,"A chance of showers and thunderstorms before midnight. Partly cloudy, with a low around 64."
84,2026-07-25T03:31:06Z,KDEN,Friday,2026-07-31T06:00:00-06:00,1,92.0,Mostly Sunny then Chance Showers And Thunderstorms,"A chance of showers and thunderstorms after noon. Mostly sunny, with a high near 92."
85,2026-07-25T03:31:06Z,KIAH,Tonight,2026-07-24T21:00:00-05:00,0,77.0,Partly Cloudy,"Partly cloudy, with a low around 77. South wind 0 to 10 mph."
86,2026-07-25T03:31:06Z,KIAH,Saturday,2026-07-25T06:00:00-05:00,1,96.0,Mostly Sunny,"Mostly sunny, with a high near 96. Heat index values as high as 104. South wind 0 to 5 mph."
87,2026-07-25T03:31:06Z,KIAH,Saturday Night,2026-07-25T18:00:00-05:00,0,76.0,Partly Cloudy,"Partly cloudy, with a low around 76. Heat index values as high as 103. South wind 0 to 10 mph."
88,2026-07-25T03:31:06Z,KIAH,Sunday,2026-07-26T06:00:00-05:00,1,99.0,Sunny,"Sunny, with a high near 99. Heat index values as high as 109. Southwest wind 0 to 5 mph."
89,2026-07-25T03:31:06Z,KIAH,Sunday Night,2026-07-26T18:00:00-05:00,0,78.0,Mostly Clear,"Mostly clear, with a low around 78. South wind around 5 mph."
90,2026-07-25T03:31:06Z,KIAH,Monday,2026-07-27T06:00:00-05:00,1,100.0,Sunny,"Sunny, with a high near 100."
91,2026-07-25T03:31:06Z,KIAH,Monday Night,2026-07-27T18:00:00-05:00,0,78.0,Mostly Clear,"Mostly clear, with a low around 78."
92,2026-07-25T03:31:06Z,KIAH,Tuesday,2026-07-28T06:00:00-05:00,1,101.0,Sunny,"Sunny, with a high near 101."
93,2026-07-25T03:31:06Z,KIAH,Tuesday Night,2026-07-28T18:00:00-05:00,0,79.0,Mostly Clear,"Mostly clear, with a low around 79."
94,2026-07-25T03:31:06Z,KIAH,Wednesday,2026-07-29T06:00:00-05:00,1,102.0,Sunny,"Sunny, with a high near 102."
95,2026-07-25T03:31:06Z,KIAH,Wednesday Night,2026-07-29T18:00:00-05:00,0,81.0,Mostly Clear,"Mostly clear, with a low around 81."
96,2026-07-25T03:31:06Z,KIAH,Thursday,2026-07-30T06:00:00-05:00,1,102.0,Mostly Sunny,"Mostly sunny, with a high near 102."
97,2026-07-25T03:31:06Z,KIAH,Thursday Night,2026-07-30T18:00:00-05:00,0,81.0,Mostly Clear,"Mostly clear, with a low around 81."
98,2026-07-25T03:31:06Z,KIAH,Friday,2026-07-31T06:00:00-05:00,1,102.0,Mostly Sunny,"Mostly sunny, with a high near 102."
99,2026-07-25T03:31:06Z,KLAS,Tonight,2026-07-24T19:00:00-07:00,0,90.0,Mostly Clear,"Mostly clear. Low around 90, with temperatures rising to around 92 overnight. Heat index values as high as 107. South southwest wind 5 to 9 mph."
100,2026-07-25T03:31:06Z,KLAS,Saturday,2026-07-25T06:00:00-07:00,1,113.0,Sunny,"Sunny. High near 113, with temperatures falling to around 111 in the afternoon. Heat index values as high as 108. South southwest wind 3 to 12 mph, with gusts as high as 20 mph."
101,2026-07-25T03:31:06Z,KLAS,Saturday Night,2026-07-25T18:00:00-07:00,0,90.0,Mostly Clear,"Mostly clear. Low around 90, with temperatures rising to around 93 overnight. Heat index values as high as 108. West southwest wind 6 to 12 mph, with gusts as high as 18 mph."
102,2026-07-25T03:31:06Z,KLAS,Sunday,2026-07-26T06:00:00-07:00,1,112.0,Sunny,"Sunny, with a high near 112. Heat index values as high as 106. South southwest wind 5 to 13 mph, with gusts as high as 23 mph."
103,2026-07-25T03:31:06Z,KLAS,Sunday Night,2026-07-26T18:00:00-07:00,0,89.0,Mostly Clear,"Mostly clear, with a low around 89. Southwest wind 8 to 13 mph, with gusts as high as 21 mph."
104,2026-07-25T03:31:06Z,KLAS,Monday,2026-07-27T06:00:00-07:00,1,111.0,Sunny,"Sunny, with a high near 111."
105,2026-07-25T03:31:06Z,KLAS,Monday Night,2026-07-27T18:00:00-07:00,0,89.0,Mostly Clear,"Mostly clear, with a low around 89."
106,2026-07-25T03:31:06Z,KLAS,Tuesday,2026-07-28T06:00:00-07:00,1,110.0,Sunny,"Sunny, with a high near 110."
107,2026-07-25T03:31:06Z,KLAS,Tuesday Night,2026-07-28T18:00:00-07:00,0,88.0,Partly Cloudy,"Partly cloudy, with a low around 88."
108,2026-07-25T03:31:06Z,KLAS,Wednesday,2026-07-29T06:00:00-07:00,1,110.0,Sunny,"Sunny, with a high near 110."
109,2026-07-25T03:31:06Z,KLAS,Wednesday Night,2026-07-29T18:00:00-07:00,0,88.0,Mostly Clear,"Mostly clear, with a low around 88."
110,2026-07-25T03:31:06Z,KLAS,Thursday,2026-07-30T06:00:00-07:00,1,111.0,Sunny,"Sunny, with a high near 111."
111,2026-07-25T03:31:06Z,KLAS,Thursday Night,2026-07-30T18:00:00-07:00,0,90.0,Mostly Clear,"Mostly clear, with a low around 90."
112,2026-07-25T03:31:06Z,KLAS,Friday,2026-07-31T06:00:00-07:00,1,113.0,Sunny,"Sunny, with a high near 113."
113,2026-07-25T03:31:06Z,KLAX,Tonight,2026-07-24T19:00:00-07:00,0,69.0,Mostly Cloudy then Patchy Fog,"Patchy fog after 5am. Mostly cloudy, with a low around 69. South wind 0 to 5 mph."
114,2026-07-25T03:31:06Z,KLAX,Saturday,2026-07-25T06:00:00-07:00,1,81.0,Patchy Fog then Partly Sunny,"Patchy fog before 11am. Partly sunny, with a high near 81. South southwest wind 0 to 10 mph."
115,2026-07-25T03:31:06Z,KLAX,Saturday Night,2026-07-25T18:00:00-07:00,0,70.0,Mostly Cloudy then Patchy Fog,"Patchy fog after 5am. Mostly cloudy, with a low around 70. South southeast wind 0 to 10 mph."
116,2026-07-25T03:31:06Z,KLAX,Sunday,2026-07-26T06:00:00-07:00,1,82.0,Patchy Fog then Mostly Sunny,"Patchy fog before 11am. Mostly sunny, with a high near 82. South wind 5 to 10 mph."
117,2026-07-25T03:31:06Z,KLAX,Sunday Night,2026-07-26T18:00:00-07:00,0,69.0,Mostly Cloudy then Patchy Fog,"Patchy fog after 5am. Mostly cloudy, with a low around 69. South southeast wind 5 to 10 mph."
118,2026-07-25T03:31:06Z,KLAX,Monday,2026-07-27T06:00:00-07:00,1,82.0,Patchy Fog then Mostly Sunny,"Patchy fog before 11am. Mostly sunny, with a high near 82."
119,2026-07-25T03:31:06Z,KLAX,Monday Night,2026-07-27T18:00:00-07:00,0,68.0,Partly Cloudy,"Partly cloudy, with a low around 68."
120,2026-07-25T03:31:06Z,KLAX,Tuesday,2026-07-28T06:00:00-07:00,1,77.0,Mostly Sunny,"Mostly sunny, with a high near 77."
121,2026-07-25T03:31:06Z,KLAX,Tuesday Night,2026-07-28T18:00:00-07:00,0,68.0,Partly Cloudy,"Partly cloudy, with a low around 68."
122,2026-07-25T03:31:06Z,KLAX,Wednesday,2026-07-29T06:00:00-07:00,1,78.0,Mostly Sunny,"Mostly sunny, with a high near 78."
123,2026-07-25T03:31:06Z,KLAX,Wednesday Night,2026-07-29T18:00:00-07:00,0,67.0,Partly Cloudy,"Partly cloudy, with a low around 67."
124,2026-07-25T03:31:06Z,KLAX,Thursday,2026-07-30T06:00:00-07:00,1,78.0,Mostly Sunny,"Mostly sunny, with a high near 78."
125,2026-07-25T03:31:06Z,KLAX,Thursday Night,2026-07-30T18:00:00-07:00,0,68.0,Partly Cloudy,"Partly cloudy, with a low around 68."
126,2026-07-25T03:31:06Z,KLAX,Friday,2026-07-31T06:00:00-07:00,1,78.0,Mostly Sunny,"Mostly sunny, with a high near 78."
127,2026-07-25T03:31:06Z,KMIA,Tonight,2026-07-24T20:00:00-04:00,0,80.0,Slight Chance Showers And Thunderstorms,"A slight chance of showers and thunderstorms before 3am. Partly cloudy, with a low around 80. East wind 0 to 8 mph. Chance of precipitation is 20%. New rainfall amounts less than a tenth of an inch possible."
128,2026-07-25T03:31:06Z,KMIA,Saturday,2026-07-25T06:00:00-04:00,1,93.0,Showers And Thunderstorms Likely,"Showers and thunderstorms likely after 7am. Mostly sunny, with a high near 93. Heat index values as high as 103. Southeast wind 0 to 9 mph. Chance of precipitation is 70%. New rainfall amounts between a quarter and half of an inch possible."
129,2026-07-25T03:31:06Z,KMIA,Saturday Night,2026-07-25T18:00:00-04:00,0,79.0,Chance Showers And Thunderstorms,"A chance of showers and thunderstorms before 2am. Mostly clear, with a low around 79. South wind 1 to 8 mph. Chance of precipitation is 40%. New rainfall amounts between a tenth and quarter of an inch possible."
130,2026-07-25T03:31:06Z,KMIA,Sunday,2026-07-26T06:00:00-04:00,1,92.0,Chance Showers And Thunderstorms then Showers And Thunderstorms,"A chance of showers and thunderstorms between 7am and 8am, then showers and thunderstorms between 8am and 5pm, then showers and thunderstorms. Mostly sunny, with a high near 92. Heat index values as high as 103. Southwest wind 3 to 8 mph. Chance of precipitation is 90%."
131,2026-07-25T03:31:06Z,KMIA,Sunday Night,2026-07-26T18:00:00-04:00,0,78.0,Showers And Thunderstorms then Chance Showers And Thunderstorms,"Showers and thunderstorms before 8pm, then a chance of showers and thunderstorms. Mostly cloudy, with a low around 78. Southwest wind around 8 mph. Chance of precipitation is 90%."
132,2026-07-25T03:31:06Z,KMIA,Monday,2026-07-27T06:00:00-04:00,1,92.0,Showers And Thunderstorms,"Showers and thunderstorms. Partly sunny, with a high near 92. Southwest wind 6 to 9 mph. Chance of precipitation is 90%."
133,2026-07-25T03:31:06Z,KMIA,Monday Night,2026-07-27T18:00:00-04:00,0,78.0,Showers And Thunderstorms,"Showers and thunderstorms. Mostly cloudy, with a low around 78. Southwest wind 6 to 9 mph. Chance of precipitation is 90%."
134,2026-07-25T03:31:06Z,KMIA,Tuesday,2026-07-28T06:00:00-04:00,1,90.0,Showers And Thunderstorms Likely,"Showers and thunderstorms likely. Partly sunny, with a high near 90. Southwest wind 8 to 14 mph, with gusts as high as 23 mph. Chance of precipitation is 70%."
135,2026-07-25T03:31:06Z,KMIA,Tuesday Night,2026-07-28T18:00:00-04:00,0,79.0,Showers And Thunderstorms Likely then Mostly Cloudy,"Showers and thunderstorms likely before 8pm. Mostly cloudy, with a low around 79. Southwest wind 8 to 12 mph, with gusts as high as 20 mph. Chance of precipitation is 70%."
136,2026-07-25T03:31:06Z,KMIA,Wednesday,2026-07-29T06:00:00-04:00,1,93.0,Chance Showers And Thunderstorms,"A chance of showers and thunderstorms after 8am. Mostly sunny, with a high near 93. Chance of precipitation is 50%."
137,2026-07-25T03:31:06Z,KMIA,Wednesday Night,2026-07-29T18:00:00-04:00,0,79.0,Chance Showers And Thunderstorms then Partly Cloudy,"A chance of showers and thunderstorms before 8pm. Partly cloudy, with a low around 79. Chance of precipitation is 50%."
138,2026-07-25T03:31:06Z,KMIA,Thursday,2026-07-30T06:00:00-04:00,1,94.0,Chance Showers And Thunderstorms,"A chance of showers and thunderstorms after 8am. Mostly sunny, with a high near 94. Chance of precipitation is 40%."
139,2026-07-25T03:31:06Z,KMIA,Thursday Night,2026-07-30T18:00:00-04:00,0,79.0,Chance Showers And Thunderstorms then Partly Cloudy,"A chance of showers and thunderstorms before 8pm. Partly cloudy, with a low around 79. Chance of precipitation is 40%."
140,2026-07-25T03:31:06Z,KMIA,Friday,2026-07-31T06:00:00-04:00,1,94.0,Mostly Sunny then Chance Showers And Thunderstorms,"A chance of showers and thunderstorms after 2pm. Mostly sunny, with a high near 94."
141,2026-07-25T03:31:06Z,KMSP,Tonight,2026-07-24T21:00:00-05:00,0,69.0,Mostly Cloudy,"Mostly cloudy, with a low around 69. South southwest wind around 15 mph."
142,2026-07-25T03:31:06Z,KMSP,Saturday,2026-07-25T06:00:00-05:00,1,95.0,Mostly Sunny,"Mostly sunny, with a high near 95. Heat index values as high as 98. Southwest wind 5 to 10 mph."
143,2026-07-25T03:31:06Z,KMSP,Saturday Night,2026-07-25T18:00:00-05:00,0,76.0,Partly Cloudy,"Partly cloudy, with a low around 76. Heat index values as high as 97. South southwest wind 5 to 10 mph."
144,2026-07-25T03:31:06Z,KMSP,Sunday,2026-07-26T06:00:00-05:00,1,95.0,Partly Sunny,"Partly sunny, with a high near 95. Heat index values as high as 98. Southwest wind 10 to 15 mph."
145,2026-07-25T03:31:06Z,KMSP,Sunday Night,2026-07-26T18:00:00-05:00,0,75.0,Showers And Thunderstorms Likely,"Showers and thunderstorms likely after 7pm. Partly cloudy, with a low around 75. South wind 10 to 15 mph. Chance of precipitation is 60%. New rainfall amounts between a tenth and quarter of an inch possible."
146,2026-07-25T03:31:06Z,KMSP,Monday,2026-07-27T06:00:00-05:00,1,95.0,Chance Rain Showers then Sunny,"A chance of rain showers before 7am. Sunny, with a high near 95. West wind 10 to 15 mph, with gusts as high as 25 mph. Chance of precipitation is 50%."
147,2026-07-25T03:31:06Z,KMSP,Monday Night,2026-07-27T18:00:00-05:00,0,72.0,Mostly Clear,"Mostly clear, with a low around 72. North wind 0 to 15 mph, with gusts as high as 25 mph."
148,2026-07-25T03:31:06Z,KMSP,Tuesday,2026-07-28T06:00:00-05:00,1,93.0,Sunny,"Sunny, with a high near 93. Northwest wind 0 to 5 mph."
149,2026-07-25T03:31:06Z,KMSP,Tuesday Night,2026-07-28T18:00:00-05:00,0,71.0,Mostly Clear,"Mostly clear, with a low around 71. East wind 0 to 5 mph."
150,2026-07-25T03:31:06Z,KMSP,Wednesday,2026-07-29T06:00:00-05:00,1,93.0,Sunny,"Sunny, with a high near 93. Southeast wind 5 to 10 mph."
151,2026-07-25T03:31:06Z,KMSP,Wednesday Night,2026-07-29T18:00:00-05:00,0,73.0,Mostly Clear,"Mostly clear, with a low around 73. South southeast wind 5 to 10 mph."
152,2026-07-25T03:31:06Z,KMSP,Thursday,2026-07-30T06:00:00-05:00,1,92.0,Slight Chance Rain Showers then Slight Chance Showers And Thunderstorms,"A slight chance of rain showers between 7am and 1pm, then a slight chance of showers and thunderstorms. Mostly sunny, with a high near 92. South wind 5 to 10 mph. Chance of precipitation is 20%."
153,2026-07-25T03:31:06Z,KMSP,Thursday Night,2026-07-30T18:00:00-05:00,0,71.0,Slight Chance Showers And Thunderstorms then Chance Showers And Thunderstorms,"A slight chance of showers and thunderstorms before 7pm, then a chance of showers and thunderstorms between 7pm and 1am, then a slight chance of showers and thunderstorms. Mostly clear, with a low around 71. West southwest wind 5 to 10 mph. Chance of precipitation is 30%."
154,2026-07-25T03:31:06Z,KMSP,Friday,2026-07-31T06:00:00-05:00,1,89.0,Slight Chance Showers And Thunderstorms then Sunny,"A slight chance of showers and thunderstorms before 7am. Sunny, with a high near 89. North northwest wind 5 to 10 mph. Chance of precipitation is 20%."
155,2026-07-25T03:31:06Z,KMSY,Tonight,2026-07-24T21:00:00-05:00,0,77.0,Partly Cloudy,"Partly cloudy, with a low around 77. Southwest wind 5 to 10 mph."
156,2026-07-25T03:31:06Z,KMSY,Saturday,2026-07-25T06:00:00-05:00,1,94.0,Mostly Sunny,"Mostly sunny, with a high near 94. Northwest wind 0 to 5 mph."
157,2026-07-25T03:31:06Z,KMSY,Saturday Night,2026-07-25T18:00:00-05:00,0,78.0,Mostly Cloudy,"Mostly cloudy, with a low around 78. Southwest wind 5 to 10 mph."
158,2026-07-25T03:31:06Z,KMSY,Sunday,2026-07-26T06:00:00-05:00,1,95.0,Sunny,"Sunny, with a high near 95. West wind 5 to 10 mph."
159,2026-07-25T03:31:06Z,KMSY,Sunday Night,2026-07-26T18:00:00-05:00,0,79.0,Mostly Clear,"Mostly clear, with a low around 79. West wind around 10 mph."
160,2026-07-25T03:31:06Z,KMSY,Monday,2026-07-27T06:00:00-05:00,1,97.0,Sunny,"Sunny, with a high near 97. West wind 5 to 10 mph."
161,2026-07-25T03:31:06Z,KMSY,Monday Night,2026-07-27T18:00:00-05:00,0,80.0,Mostly Clear,"Mostly clear, with a low around 80. West wind 5 to 10 mph."
162,2026-07-25T03:31:06Z,KMSY,Tuesday,2026-07-28T06:00:00-05:00,1,97.0,Sunny,"Sunny, with a high near 97. West wind 5 to 10 mph."
163,2026-07-25T03:31:06Z,KMSY,Tuesday Night,2026-07-28T18:00:00-05:00,0,80.0,Mostly Clear,"Mostly clear, with a low around 80. Southwest wind 5 to 10 mph."
164,2026-07-25T03:31:06Z,KMSY,Wednesday,2026-07-29T06:00:00-05:00,1,97.0,Sunny then Slight Chance Showers And Thunderstorms,"A slight chance of showers and thunderstorms after 1pm. Sunny, with a high near 97. West wind around 10 mph."
165,2026-07-25T03:31:06Z,KMSY,Wednesday Night,2026-07-29T18:00:00-05:00,0,80.0,Slight Chance Showers And Thunderstorms then Partly Cloudy,"A slight chance of showers and thunderstorms before 7pm. Partly cloudy, with a low around 80. West wind around 10 mph."
166,2026-07-25T03:31:06Z,KMSY,Thursday,2026-07-30T06:00:00-05:00,1,96.0,Mostly Sunny then Slight Chance Showers And Thunderstorms,"A slight chance of showers and thunderstorms after 1pm. Mostly sunny, with a high near 96. West wind around 10 mph."
167,2026-07-25T03:31:06Z,KMSY,Thursday Night,2026-07-30T18:00:00-05:00,0,80.0,Slight Chance Showers And Thunderstorms then Partly Cloudy,"A slight chance of showers and thunderstorms before 7pm. Partly cloudy, with a low around 80. West wind around 10 mph."
168,2026-07-25T03:31:06Z,KMSY,Friday,2026-07-31T06:00:00-05:00,1,95.0,Mostly Sunny then Chance Showers And Thunderstorms,"A chance of showers and thunderstorms after 1pm. Mostly sunny, with a high near 95. West wind around 10 mph."
169,2026-07-25T03:31:06Z,KNYC,Tonight,2026-07-24T21:00:00-04:00,0,66.0,Mostly Cloudy,"Mostly cloudy, with a low around 66. East wind around 2 mph."
170,2026-07-25T03:31:06Z,KNYC,Saturday,2026-07-25T06:00:00-04:00,1,82.0,Sunny,"Sunny, with a high near 82. East wind 2 to 6 mph."
171,2026-07-25T03:31:06Z,KNYC,Saturday Night,2026-07-25T18:00:00-04:00,0,65.0,Mostly Clear,"Mostly clear, with a low around 65. East wind 1 to 5 mph."
172,2026-07-25T03:31:06Z,KNYC,Sunday,2026-07-26T06:00:00-04:00,1,84.0,Sunny,"Sunny. High near 84, with temperatures falling to around 82 in the afternoon. East wind around 5 mph."
173,2026-07-25T03:31:06Z,KNYC,Sunday Night,2026-07-26T18:00:00-04:00,0,68.0,Mostly Clear,"Mostly clear, with a low around 68. Southeast wind 0 to 3 mph."
174,2026-07-25T03:31:06Z,KNYC,Monday,2026-07-27T06:00:00-04:00,1,86.0,Mostly Sunny then Chance Showers And Thunderstorms,"A chance of showers and thunderstorms after 2pm. Mostly sunny. High near 86, with temperatures falling to around 82 in the afternoon. Chance of precipitation is 30%."
175,2026-07-25T03:31:06Z,KNYC,Monday Night,2026-07-27T18:00:00-04:00,0,70.0,Chance Showers And Thunderstorms,"A chance of showers and thunderstorms. Mostly cloudy, with a low around 70. Chance of precipitation is 50%."
176,2026-07-25T03:31:06Z,KNYC,Tuesday,2026-07-28T06:00:00-04:00,1,82.0,Showers And Thunderstorms,"A chance of rain showers before 8am, then showers and thunderstorms. Mostly cloudy, with a high near 82. Chance of precipitation is 80%."
177,2026-07-25T03:31:06Z,KNYC,Tuesday Night,2026-07-28T18:00:00-04:00,0,69.0,Showers And Thunderstorms,"Showers and thunderstorms. Mostly cloudy, with a low around 69. Chance of precipitation is 80%."
178,2026-07-25T03:31:06Z,KNYC,Wednesday,2026-07-29T06:00:00-04:00,1,83.0,Chance Showers And Thunderstorms,"A chance of showers and thunderstorms. Partly sunny, with a high near 83. Chance of precipitation is 40%."
179,2026-07-25T03:31:06Z,KNYC,Wednesday Night,2026-07-29T18:00:00-04:00,0,69.0,Chance Showers And Thunderstorms then Slight Chance Showers And Thunderstorms,"A chance of showers and thunderstorms before 8pm, then a slight chance of showers and thunderstorms between 8pm and 2am. Mostly cloudy, with a low around 69. Chance of precipitation is 40%."
180,2026-07-25T03:31:06Z,KNYC,Thursday,2026-07-30T06:00:00-04:00,1,84.0,Mostly Sunny then Slight Chance Rain Showers,"A slight chance of rain showers after 2pm. Mostly sunny, with a high near 84."
181,2026-07-25T03:31:06Z,KNYC,Thursday Night,2026-07-30T18:00:00-04:00,0,69.0,Slight Chance Rain Showers then Partly Cloudy,"A slight chance of rain showers before 8pm. Partly cloudy, with a low around 69."
182,2026-07-25T03:31:06Z,KNYC,Friday,2026-07-31T06:00:00-04:00,1,86.0,Mostly Sunny,"Mostly sunny, with a high near 86."
183,2026-07-25T03:31:06Z,KOKC,Tonight,2026-07-24T21:00:00-05:00,0,76.0,Partly Cloudy,"Partly cloudy, with a low around 76. South wind around 14 mph, with gusts as high as 21 mph."
184,2026-07-25T03:31:06Z,KOKC,Saturday,2026-07-25T06:00:00-05:00,1,99.0,Sunny,"Sunny, with a high near 99. Heat index values as high as 106. South southwest wind around 14 mph, with gusts as high as 21 mph."
185,2026-07-25T03:31:06Z,KOKC,Saturday Night,2026-07-25T18:00:00-05:00,0,77.0,Mostly Clear,"Mostly clear, with a low around 77. Heat index values as high as 104. South wind around 12 mph."
186,2026-07-25T03:31:06Z,KOKC,Sunday,2026-07-26T06:00:00-05:00,1,101.0,Sunny,"Sunny, with a high near 101. Heat index values as high as 104. South southwest wind 10 to 14 mph, with gusts as high as 21 mph."
187,2026-07-25T03:31:06Z,KOKC,Sunday Night,2026-07-26T18:00:00-05:00,0,77.0,Mostly Clear,"Mostly clear, with a low around 77. South wind around 14 mph, with gusts as high as 21 mph."
188,2026-07-25T03:31:06Z,KOKC,Monday,2026-07-27T06:00:00-05:00,1,102.0,Sunny,"Sunny, with a high near 102."
189,2026-07-25T03:31:06Z,KOKC,Monday Night,2026-07-27T18:00:00-05:00,0,78.0,Clear,"Clear, with a low around 78."
190,2026-07-25T03:31:06Z,KOKC,Tuesday,2026-07-28T06:00:00-05:00,1,103.0,Sunny,"Sunny, with a high near 103."
191,2026-07-25T03:31:06Z,KOKC,Tuesday Night,2026-07-28T18:00:00-05:00,0,78.0,Mostly Clear,"Mostly clear, with a low around 78."
192,2026-07-25T03:31:06Z,KOKC,Wednesday,2026-07-29T06:00:00-05:00,1,103.0,Mostly Sunny,"Mostly sunny, with a high near 103."
193,2026-07-25T03:31:06Z,KOKC,Wednesday Night,2026-07-29T18:00:00-05:00,0,78.0,Mostly Clear,"Mostly clear, with a low around 78."
194,2026-07-25T03:31:06Z,KOKC,Thursday,2026-07-30T06:00:00-05:00,1,102.0,Mostly Sunny,"Mostly sunny, with a high near 102."
195,2026-07-25T03:31:06Z,KOKC,Thursday Night,2026-07-30T18:00:00-05:00,0,78.0,Partly Cloudy,"Partly cloudy, with a low around 78."
196,2026-07-25T03:31:06Z,KOKC,Friday,2026-07-31T06:00:00-05:00,1,100.0,Mostly Sunny,"Mostly sunny, with a high near 100."
197,2026-07-25T03:31:06Z,KPHL,Tonight,2026-07-24T23:00:00-04:00,0,66.0,Mostly Cloudy,"Mostly cloudy, with a low around 66. East wind 0 to 5 mph."
198,2026-07-25T03:31:06Z,KPHL,Saturday,2026-07-25T06:00:00-04:00,1,85.0,Sunny,"Sunny, with a high near 85. Northeast wind 5 to 10 mph."
199,2026-07-25T03:31:06Z,KPHL,Saturday Night,2026-07-25T18:00:00-04:00,0,64.0,Mostly Clear,"Mostly clear, with a low around 64. Northeast wind 5 to 10 mph."
200,2026-07-25T03:31:06Z,KPHL,Sunday,2026-07-26T06:00:00-04:00,1,86.0,Sunny,"Sunny, with a high near 86. Northeast wind 5 to 10 mph."
201,2026-07-25T03:31:06Z,KPHL,Sunday Night,2026-07-26T18:00:00-04:00,0,67.0,Partly Cloudy,"Partly cloudy, with a low around 67. Southwest wind 0 to 10 mph."
202,2026-07-25T03:31:06Z,KPHL,Monday,2026-07-27T06:00:00-04:00,1,87.0,Mostly Sunny then Chance Showers And Thunderstorms,"A chance of showers and thunderstorms after 2pm. Mostly sunny, with a high near 87. Chance of precipitation is 50%. New rainfall amounts less than a tenth of an inch possible."
203,2026-07-25T03:31:06Z,KPHL,Monday Night,2026-07-27T18:00:00-04:00,0,70.0,Chance Showers And Thunderstorms then Showers And Thunderstorms Likely,"A chance of showers and thunderstorms before 8pm, then showers and thunderstorms likely between 8pm and 2am, then a chance of showers and thunderstorms. Mostly cloudy, with a low around 70. Chance of precipitation is 60%."
204,2026-07-25T03:31:06Z,KPHL,Tuesday,2026-07-28T06:00:00-04:00,1,86.0,Chance Showers And Thunderstorms then Showers And Thunderstorms,"A chance of showers and thunderstorms before 8am, then showers and thunderstorms. Mostly cloudy, with a high near 86. Chance of precipitation is 80%."
205,2026-07-25T03:31:06Z,KPHL,Tuesday Night,2026-07-28T18:00:00-04:00,0,69.0,Showers And Thunderstorms,"Showers and thunderstorms. Mostly cloudy, with a low around 69. Chance of precipitation is 80%."
206,2026-07-25T03:31:06Z,KPHL,Wednesday,2026-07-29T06:00:00-04:00,1,84.0,Chance Rain Showers,"A chance of rain showers before 2pm, then a chance of showers and thunderstorms. Partly sunny, with a high near 84. Chance of precipitation is 40%."
207,2026-07-25T03:31:06Z,KPHL,Wednesday Night,2026-07-29T18:00:00-04:00,0,68.0,Chance Showers And Thunderstorms then Partly Cloudy,"A chance of showers and thunderstorms before 8pm. Partly cloudy, with a low around 68. Chance of precipitation is 40%."
208,2026-07-25T03:31:06Z,KPHL,Thursday,2026-07-30T06:00:00-04:00,1,86.0,Mostly Sunny then Slight Chance Rain Showers,"A slight chance of rain showers after 2pm. Mostly sunny, with a high near 86."
209,2026-07-25T03:31:06Z,KPHL,Thursday Night,2026-07-30T18:00:00-04:00,0,68.0,Slight Chance Rain Showers then Partly Cloudy,"A slight chance of rain showers before 8pm. Partly cloudy, with a low around 68."
210,2026-07-25T03:31:06Z,KPHL,Friday,2026-07-31T06:00:00-04:00,1,88.0,Mostly Sunny,"Mostly sunny, with a high near 88."
211,2026-07-25T03:31:06Z,KPHX,Tonight,2026-07-24T18:00:00-07:00,0,97.0,Mostly Clear,"Mostly clear, with a low around 97. Heat index values as high as 113. West southwest wind 5 to 10 mph."
212,2026-07-25T03:31:06Z,KPHX,Saturday,2026-07-25T06:00:00-07:00,1,116.0,Sunny,"Sunny. High near 116, with temperatures falling to around 114 in the afternoon. Heat index values as high as 115. West wind 5 to 10 mph."
213,2026-07-25T03:31:06Z,KPHX,Saturday Night,2026-07-25T18:00:00-07:00,0,92.0,Slight Chance Showers And Thunderstorms then Partly Cloudy,"A slight chance of showers and thunderstorms between 10pm and 11pm. Partly cloudy. Low around 92, with temperatures rising to around 94 overnight. Heat index values as high as 112. East northeast wind 5 to 15 mph."
214,2026-07-25T03:31:06Z,KPHX,Sunday,2026-07-26T06:00:00-07:00,1,111.0,Mostly Sunny then Slight Chance Showers And Thunderstorms,"A slight chance of showers and thunderstorms after 5pm. Mostly sunny, with a high near 111. Heat index values as high as 113. West wind 10 to 15 mph, with gusts as high as 20 mph."
215,2026-07-25T03:31:06Z,KPHX,Sunday Night,2026-07-26T18:00:00-07:00,0,90.0,Slight Chance Showers And Thunderstorms then Partly Cloudy,"A slight chance of showers and thunderstorms before 11pm. Partly cloudy, with a low around 90. West wind 10 to 15 mph."
216,2026-07-25T03:31:06Z,KPHX,Monday,2026-07-27T06:00:00-07:00,1,109.0,Mostly Sunny then Slight Chance Showers And Thunderstorms,"A slight chance of showers and thunderstorms after 5pm. Mostly sunny, with a high near 109. West wind 10 to 15 mph, with gusts as high as 20 mph. Chance of precipitation is 20%."
217,2026-07-25T03:31:06Z,KPHX,Monday Night,2026-07-27T18:00:00-07:00,0,89.0,Slight Chance Showers And Thunderstorms then Chance Showers And Thunderstorms,"A slight chance of showers and thunderstorms before 11pm, then a chance of showers and thunderstorms. Partly cloudy, with a low around 89. West southwest wind around 5 mph. Chance of precipitation is 30%."
218,2026-07-25T03:31:06Z,KPHX,Tuesday,2026-07-28T06:00:00-07:00,1,108.0,Chance Showers And Thunderstorms then Slight Chance Showers And Thunderstorms,"A chance of showers and thunderstorms before 11am, then a slight chance of showers and thunderstorms between 11am and 5pm. Mostly sunny, with a high near 108. West southwest wind 5 to 10 mph. Chance of precipitation is 30%."
219,2026-07-25T03:31:06Z,KPHX,Tuesday Night,2026-07-28T18:00:00-07:00,0,89.0,Partly Cloudy,"Partly cloudy, with a low around 89. West southwest wind 0 to 10 mph."
220,2026-07-25T03:31:06Z,KPHX,Wednesday,2026-07-29T06:00:00-07:00,1,110.0,Mostly Sunny,"Mostly sunny, with a high near 110. West southwest wind around 5 mph."
221,2026-07-25T03:31:06Z,KPHX,Wednesday Night,2026-07-29T18:00:00-07:00,0,91.0,Partly Cloudy,"Partly cloudy, with a low around 91. West wind around 5 mph."
222,2026-07-25T03:31:06Z,KPHX,Thursday,2026-07-30T06:00:00-07:00,1,113.0,Mostly Sunny,"Mostly sunny, with a high near 113. West wind around 5 mph."
223,2026-07-25T03:31:06Z,KPHX,Thursday Night,2026-07-30T18:00:00-07:00,0,92.0,Partly Cloudy,"Partly cloudy, with a low around 92. West southwest wind around 5 mph."
224,2026-07-25T03:31:06Z,KPHX,Friday,2026-07-31T06:00:00-07:00,1,113.0,Mostly Sunny then Slight Chance Showers And Thunderstorms,"A slight chance of showers and thunderstorms after 5pm. Mostly sunny, with a high near 113. West wind around 5 mph."
225,2026-07-25T03:31:06Z,KSAT,Tonight,2026-07-24T19:00:00-05:00,0,76.0,Mostly Clear,"Mostly clear, with a low around 76. Heat index values as high as 101. South southeast wind 5 to 15 mph, with gusts as high as 20 mph."
226,2026-07-25T03:31:06Z,KSAT,Saturday,2026-07-25T06:00:00-05:00,1,95.0,Mostly Sunny,"Mostly sunny, with a high near 95. Heat index values as high as 101. South wind 5 to 10 mph."
227,2026-07-25T03:31:06Z,KSAT,Saturday Night,2026-07-25T18:00:00-05:00,0,75.0,Partly Cloudy,"Partly cloudy, with a low around 75. Heat index values as high as 101. South southeast wind 5 to 10 mph."
228,2026-07-25T03:31:06Z,KSAT,Sunday,2026-07-26T06:00:00-05:00,1,95.0,Mostly Sunny,"Mostly sunny, with a high near 95. Heat index values as high as 102. South wind 5 to 10 mph."
229,2026-07-25T03:31:06Z,KSAT,Sunday Night,2026-07-26T18:00:00-05:00,0,76.0,Clear,"Clear, with a low around 76. South southeast wind 5 to 10 mph."
230,2026-07-25T03:31:06Z,KSAT,Monday,2026-07-27T06:00:00-05:00,1,98.0,Sunny,"Sunny, with a high near 98. South wind 5 to 10 mph."
231,2026-07-25T03:31:06Z,KSAT,Monday Night,2026-07-27T18:00:00-05:00,0,77.0,Mostly Clear,"Mostly clear, with a low around 77. South southeast wind 5 to 10 mph, with gusts as high as 20 mph."
232,2026-07-25T03:31:06Z,KSAT,Tuesday,2026-07-28T06:00:00-05:00,1,99.0,Sunny,"Sunny, with a high near 99. South southeast wind 5 to 10 mph."
233,2026-07-25T03:31:06Z,KSAT,Tuesday Night,2026-07-28T18:00:00-05:00,0,77.0,Clear,"Clear, with a low around 77. South southeast wind 5 to 10 mph, with gusts as high as 25 mph."
234,2026-07-25T03:31:06Z,KSAT,Wednesday,2026-07-29T06:00:00-05:00,1,99.0,Sunny,"Sunny, with a high near 99."
235,2026-07-25T03:31:06Z,KSAT,Wednesday Night,2026-07-29T18:00:00-05:00,0,77.0,Mostly Clear,"Mostly clear, with a low around 77."
236,2026-07-25T03:31:06Z,KSAT,Thursday,2026-07-30T06:00:00-05:00,1,100.0,Mostly Sunny,"Mostly sunny, with a high near 100."
237,2026-07-25T03:31:06Z,KSAT,Thursday Night,2026-07-30T18:00:00-05:00,0,78.0,Mostly Clear,"Mostly clear, with a low around 78."
238,2026-07-25T03:31:06Z,KSAT,Friday,2026-07-31T06:00:00-05:00,1,100.0,Mostly Sunny,"Mostly sunny, with a high near 100."
239,2026-07-25T03:31:06Z,KSFO,Tonight,2026-07-24T18:00:00-07:00,0,58.0,Partly Cloudy,"Partly cloudy, with a low around 58. West wind 14 to 22 mph, with gusts as high as 31 mph."
240,2026-07-25T03:31:06Z,KSFO,Saturday,2026-07-25T06:00:00-07:00,1,72.0,Mostly Sunny,"Mostly sunny. High near 72, with temperatures falling to around 70 in the afternoon. West wind 14 to 22 mph, with gusts as high as 29 mph."
241,2026-07-25T03:31:06Z,KSFO,Saturday Night,2026-07-25T18:00:00-07:00,0,58.0,Partly Cloudy,"Partly cloudy, with a low around 58. West wind 13 to 21 mph, with gusts as high as 29 mph."
242,2026-07-25T03:31:06Z,KSFO,Sunday,2026-07-26T06:00:00-07:00,1,71.0,Mostly Sunny,"Mostly sunny, with a high near 71. West wind 13 to 23 mph, with gusts as high as 29 mph."
243,2026-07-25T03:31:06Z,KSFO,Sunday Night,2026-07-26T18:00:00-07:00,0,58.0,Mostly Clear,"Mostly clear, with a low around 58. West wind 12 to 23 mph, with gusts as high as 29 mph."
244,2026-07-25T03:31:06Z,KSFO,Monday,2026-07-27T06:00:00-07:00,1,72.0,Sunny,"Sunny, with a high near 72."
245,2026-07-25T03:31:06Z,KSFO,Monday Night,2026-07-27T18:00:00-07:00,0,58.0,Mostly Clear,"Mostly clear, with a low around 58."
246,2026-07-25T03:31:06Z,KSFO,Tuesday,2026-07-28T06:00:00-07:00,1,70.0,Sunny,"Sunny, with a high near 70."
247,2026-07-25T03:31:06Z,KSFO,Tuesday Night,2026-07-28T18:00:00-07:00,0,58.0,Mostly Clear,"Mostly clear, with a low around 58."
248,2026-07-25T03:31:06Z,KSFO,Wednesday,2026-07-29T06:00:00-07:00,1,69.0,Sunny,"Sunny, with a high near 69."
249,2026-07-25T03:31:06Z,KSFO,Wednesday Night,2026-07-29T18:00:00-07:00,0,57.0,Mostly Clear,"Mostly clear, with a low around 57."
250,2026-07-25T03:31:06Z,KSFO,Thursday,2026-07-30T06:00:00-07:00,1,69.0,Sunny,"Sunny, with a high near 69."
251,2026-07-25T03:31:06Z,KSFO,Thursday Night,2026-07-30T18:00:00-07:00,0,57.0,Mostly Clear,"Mostly clear, with a low around 57."
252,2026-07-25T03:31:06Z,KSFO,Friday,2026-07-31T06:00:00-07:00,1,71.0,Sunny,"Sunny, with a high near 71."
253,2026-07-25T03:31:06Z,KSEA,Tonight,2026-07-24T19:00:00-07:00,0,59.0,Partly Cloudy,"Partly cloudy. Low around 59, with temperatures rising to around 61 overnight. Southwest wind around 10 mph."
254,2026-07-25T03:31:06Z,KSEA,Saturday,2026-07-25T06:00:00-07:00,1,74.0,Mostly Sunny,"Mostly sunny. High near 74, with temperatures falling to around 72 in the afternoon. Southwest wind 9 to 14 mph."
255,2026-07-25T03:31:06Z,KSEA,Saturday Night,2026-07-25T18:00:00-07:00,0,59.0,Mostly Cloudy,"Mostly cloudy. Low around 59, with temperatures rising to around 62 overnight. South southwest wind 8 to 13 mph."
256,2026-07-25T03:31:06Z,KSEA,Sunday,2026-07-26T06:00:00-07:00,1,72.0,Mostly Cloudy,"Mostly cloudy, with a high near 72. Southwest wind 8 to 12 mph."
257,2026-07-25T03:31:06Z,KSEA,Sunday Night,2026-07-26T18:00:00-07:00,0,57.0,Mostly Cloudy,"Mostly cloudy, with a low around 57. South southwest wind 5 to 10 mph."
258,2026-07-25T03:31:06Z,KSEA,Monday,2026-07-27T06:00:00-07:00,1,78.0,Mostly Sunny,"Mostly sunny, with a high near 78."
259,2026-07-25T03:31:06Z,KSEA,Monday Night,2026-07-27T18:00:00-07:00,0,58.0,Partly Cloudy,"Partly cloudy, with a low around 58."
260,2026-07-25T03:31:06Z,KSEA,Tuesday,2026-07-28T06:00:00-07:00,1,76.0,Mostly Sunny,"Mostly sunny, with a high near 76."
261,2026-07-25T03:31:06Z,KSEA,Tuesday Night,2026-07-28T18:00:00-07:00,0,57.0,Partly Cloudy,"Partly cloudy, with a low around 57."
262,2026-07-25T03:31:06Z,KSEA,Wednesday,2026-07-29T06:00:00-07:00,1,76.0,Mostly Sunny,"Mostly sunny, with a high near 76."
263,2026-07-25T03:31:06Z,KSEA,Wednesday Night,2026-07-29T18:00:00-07:00,0,56.0,Mostly Clear,"Mostly clear, with a low around 56."
264,2026-07-25T03:31:06Z,KSEA,Thursday,2026-07-30T06:00:00-07:00,1,79.0,Sunny,"Sunny, with a high near 79."
265,2026-07-25T03:31:06Z,KSEA,Thursday Night,2026-07-30T18:00:00-07:00,0,57.0,Mostly Clear,"Mostly clear, with a low around 57."
266,2026-07-25T03:31:06Z,KSEA,Friday,2026-07-31T06:00:00-07:00,1,79.0,Sunny,"Sunny, with a high near 79."
267,2026-07-25T03:31:06Z,KDCA,Tonight,2026-07-24T22:00:00-04:00,0,68.0,Mostly Cloudy,"Mostly cloudy, with a low around 68. East wind 5 to 9 mph."
268,2026-07-25T03:31:06Z,KDCA,Saturday,2026-07-25T06:00:00-04:00,1,83.0,Partly Sunny,"Partly sunny, with a high near 83. East wind 5 to 8 mph."
269,2026-07-25T03:31:06Z,KDCA,Saturday Night,2026-07-25T18:00:00-04:00,0,67.0,Partly Cloudy,"Partly cloudy, with a low around 67. East wind 2 to 9 mph."
270,2026-07-25T03:31:06Z,KDCA,Sunday,2026-07-26T06:00:00-04:00,1,87.0,Mostly Sunny,"Mostly sunny, with a high near 87. East wind 2 to 7 mph."
271,2026-07-25T03:31:06Z,KDCA,Sunday Night,2026-07-26T18:00:00-04:00,0,70.0,Slight Chance Showers And Thunderstorms,"A slight chance of showers and thunderstorms after 8pm. Partly cloudy, with a low around 70. South wind around 9 mph. Chance of precipitation is 20%."
272,2026-07-25T03:31:06Z,KDCA,Monday,2026-07-27T06:00:00-04:00,1,91.0,Slight Chance Rain Showers then Slight Chance Showers And Thunderstorms,"A slight chance of rain showers before 8am, then a slight chance of showers and thunderstorms. Partly sunny, with a high near 91. Chance of precipitation is 20%."
273,2026-07-25T03:31:06Z,KDCA,Monday Night,2026-07-27T18:00:00-04:00,0,73.0,Chance Showers And Thunderstorms,"A chance of showers and thunderstorms before 2am, then a chance of showers and thunderstorms. Mostly cloudy, with a low around 73. Chance of precipitation is 40%."
274,2026-07-25T03:31:06Z,KDCA,Tuesday,2026-07-28T06:00:00-04:00,1,90.0,Showers And Thunderstorms,"Showers and thunderstorms. Mostly cloudy, with a high near 90. Chance of precipitation is 80%."
275,2026-07-25T03:31:06Z,KDCA,Tuesday Night,2026-07-28T18:00:00-04:00,0,72.0,Showers And Thunderstorms then Chance Showers And Thunderstorms,"Showers and thunderstorms before 8pm, then a chance of showers and thunderstorms between 8pm and 2am. Mostly cloudy, with a low around 72. Chance of precipitation is 80%."
276,2026-07-25T03:31:06Z,KDCA,Wednesday,2026-07-29T06:00:00-04:00,1,88.0,Mostly Sunny then Slight Chance Showers And Thunderstorms,"A slight chance of showers and thunderstorms after 2pm. Mostly sunny, with a high near 88. Chance of precipitation is 20%."
277,2026-07-25T03:31:06Z,KDCA,Wednesday Night,2026-07-29T18:00:00-04:00,0,71.0,Slight Chance Showers And Thunderstorms then Partly Cloudy,"A slight chance of showers and thunderstorms before 8pm. Partly cloudy, with a low around 71. Chance of precipitation is 20%."
278,2026-07-25T03:31:06Z,KDCA,Thursday,2026-07-30T06:00:00-04:00,1,89.0,Mostly Sunny,"Mostly sunny, with a high near 89."
279,2026-07-25T03:31:06Z,KDCA,Thursday Night,2026-07-30T18:00:00-04:00,0,72.0,Partly Cloudy,"Partly cloudy, with a low around 72."
280,2026-07-25T03:31:06Z,KDCA,Friday,2026-07-31T06:00:00-04:00,1,90.0,Mostly Sunny then Slight Chance Rain Showers,"A slight chance of rain showers after 2pm. Mostly sunny, with a high near 90."
